ActID,ActionID,EmpID,EffectiveDt
1,10,1,2015-01-01 00:00:00
2,10,2,2015-01-01 00:00:00
3,10,3,2015-10-06 00:00:00
4,10,4,2015-01-01 00:00:00
5,10,5,2015-05-22 00:00:00
6,10,6,2015-07-11 00:00:00
7,10,7,2015-12-04 00:00:00
8,10,8,2015-01-01 00:00:00
9,10,9,2015-01-01 00:00:00
10,10,10,2015-05-09 00:00:00
11,10,11,2015-05-11 00:00:00
12,10,12,2015-12-24 00:00:00
13,10,13,2015-01-01 00:00:00
14,10,14,2015-07-26 00:00:00
15,10,15,2016-03-13 00:00:00
16,10,16,2015-01-01 00:00:00
17,10,17,2015-10-08 00:00:00
18,10,18,2015-03-21 00:00:00
19,10,19,2015-01-01 00:00:00
20,10,20,2015-01-01 00:00:00
21,10,21,2015-09-29 00:00:00
22,10,22,2016-05-03 00:00:00
23,10,23,2015-01-01 00:00:00
24,10,24,2015-02-05 00:00:00
25,10,25,2015-12-19 00:00:00
26,10,26,2015-01-01 00:00:00
27,10,27,2015-09-04 00:00:00
28,10,28,2015-09-27 00:00:00
29,10,29,2015-04-21 00:00:00
30,10,30,2015-02-02 00:00:00
31,10,31,2015-01-01 00:00:00
32,10,32,2015-03-27 00:00:00
33,10,33,2015-10-17 00:00:00
34,10,34,2015-01-01 00:00:00
35,10,35,2015-01-01 00:00:00
36,10,36,2015-06-04 00:00:00
37,10,37,2017-05-09 00:00:00
38,10,38,2016-01-01 00:00:00
39,10,39,2015-01-01 00:00:00
40,10,40,2015-05-11 00:00:00
41,10,41,2016-03-21 00:00:00
42,10,42,2015-01-01 00:00:00
43,10,43,2015-07-21 00:00:00
44,10,44,2015-01-01 00:00:00
45,10,45,2015-01-01 00:00:00
46,10,46,2015-01-01 00:00:00
47,10,47,2015-01-01 00:00:00
48,10,48,2016-06-21 00:00:00
49,10,49,2015-01-01 00:00:00
50,10,50,2016-07-10 00:00:00
51,10,51,2015-05-03 00:00:00
52,10,52,2015-02-21 00:00:00
53,10,53,2015-01-01 00:00:00
54,10,54,2015-01-01 00:00:00
55,10,55,2015-01-01 00:00:00
56,10,56,2015-07-24 00:00:00
57,10,57,2015-02-08 00:00:00
58,10,58,2015-01-01 00:00:00
59,10,59,2015-01-15 00:00:00
60,10,60,2015-01-01 00:00:00
61,10,61,2015-09-06 00:00:00
62,10,62,2015-01-01 00:00:00
63,10,63,2015-01-01 00:00:00
64,10,64,2015-01-01 00:00:00
65,10,65,2015-03-27 00:00:00
66,10,66,2016-08-08 00:00:00
67,10,67,2015-04-14 00:00:00
68,10,68,2016-05-31 00:00:00
69,10,69,2015-08-03 00:00:00
70,10,70,2016-02-21 00:00:00
71,10,71,2015-09-09 00:00:00
72,10,72,2015-09-13 00:00:00
73,10,73,2015-10-26 00:00:00
74,10,74,2015-10-14 00:00:00
75,10,75,2015-01-01 00:00:00
76,10,76,2015-01-01 00:00:00
77,10,77,2015-01-01 00:00:00
78,10,78,2015-01-01 00:00:00
79,10,79,2015-01-12 00:00:00
80,10,80,2015-01-20 00:00:00
81,10,81,2015-01-01 00:00:00
82,10,82,2015-01-01 00:00:00
83,10,83,2015-01-01 00:00:00
84,10,84,2015-09-14 00:00:00
85,10,85,2015-01-01 00:00:00
86,10,86,2016-12-05 00:00:00
87,10,87,2015-04-09 00:00:00
88,10,88,2015-10-05 00:00:00
89,10,89,2015-05-13 00:00:00
90,10,90,2015-01-01 00:00:00
91,10,91,2015-06-11 00:00:00
92,10,92,2015-01-01 00:00:00
93,10,93,2015-01-01 00:00:00
94,10,94,2015-01-01 00:00:00
95,10,95,2015-01-01 00:00:00
96,10,96,2015-10-04 00:00:00
97,10,97,2015-10-23 00:00:00
98,10,98,2015-05-03 00:00:00
99,10,99,2015-01-01 00:00:00
100,10,100,2015-01-01 00:00:00
101,10,101,2016-01-03 00:00:00
102,10,102,2015-10-29 00:00:00
103,10,103,2015-11-12 00:00:00
104,10,104,2015-09-25 00:00:00
105,10,105,2015-01-01 00:00:00
106,10,106,2015-01-01 00:00:00
107,10,107,2015-01-01 00:00:00
108,10,108,2015-01-25 00:00:00
109,10,109,2015-01-01 00:00:00
110,10,110,2015-01-01 00:00:00
111,10,111,2015-01-01 00:00:00
112,10,112,2015-01-01 00:00:00
113,10,113,2015-10-16 00:00:00
114,10,114,2015-01-01 00:00:00
115,10,115,2015-05-09 00:00:00
116,10,116,2016-01-18 00:00:00
117,10,117,2015-02-15 00:00:00
118,10,118,2015-01-01 00:00:00
119,10,119,2015-01-01 00:00:00
120,10,120,2015-08-14 00:00:00
121,10,121,2015-01-01 00:00:00
122,10,122,2015-01-01 00:00:00
123,10,123,2015-01-01 00:00:00
124,10,124,2015-01-01 00:00:00
125,10,125,2015-01-01 00:00:00
126,10,126,2015-05-06 00:00:00
127,10,127,2016-03-10 00:00:00
128,10,128,2015-01-01 00:00:00
129,10,129,2015-01-01 00:00:00
130,10,130,2015-01-01 00:00:00
131,10,131,2015-01-01 00:00:00
132,10,132,2015-01-01 00:00:00
133,10,133,2015-01-01 00:00:00
134,10,134,2015-04-12 00:00:00
135,10,135,2015-01-01 00:00:00
136,10,136,2015-06-08 00:00:00
137,10,137,2015-10-02 00:00:00
138,10,138,2015-01-01 00:00:00
139,10,139,2015-01-01 00:00:00
140,10,140,2015-02-05 00:00:00
141,10,141,2015-01-01 00:00:00
142,10,142,2015-01-13 00:00:00
143,10,143,2015-07-13 00:00:00
144,10,144,2015-01-01 00:00:00
145,10,145,2015-03-05 00:00:00
146,10,146,2015-01-01 00:00:00
147,10,147,2015-01-01 00:00:00
148,10,148,2015-12-25 00:00:00
149,10,149,2015-01-01 00:00:00
150,10,150,2015-04-03 00:00:00
151,10,151,2015-01-01 00:00:00
152,10,152,2015-03-12 00:00:00
153,10,153,2015-01-01 00:00:00
154,10,154,2016-12-21 00:00:00
155,10,155,2015-01-01 00:00:00
156,10,156,2015-01-01 00:00:00
157,10,157,2015-01-01 00:00:00
158,10,158,2015-01-01 00:00:00
159,10,159,2016-02-13 00:00:00
160,10,160,2015-01-20 00:00:00
161,10,161,2015-01-01 00:00:00
162,10,162,2015-06-16 00:00:00
163,10,163,2015-01-01 00:00:00
164,10,164,2015-01-01 00:00:00
165,10,165,2015-01-01 00:00:00
166,10,166,2015-01-01 00:00:00
167,10,167,2015-01-01 00:00:00
168,10,168,2015-01-01 00:00:00
169,10,169,2016-01-15 00:00:00
170,10,170,2015-06-22 00:00:00
171,10,171,2016-03-30 00:00:00
172,10,172,2015-01-01 00:00:00
173,10,173,2015-10-27 00:00:00
174,10,174,2015-01-01 00:00:00
175,10,175,2015-01-01 00:00:00
176,10,176,2015-05-11 00:00:00
177,10,177,2015-08-27 00:00:00
178,10,178,2015-01-01 00:00:00
179,10,179,2015-01-01 00:00:00
180,10,180,2015-07-23 00:00:00
181,10,181,2015-01-01 00:00:00
182,10,182,2015-09-02 00:00:00
183,10,183,2015-01-01 00:00:00
184,10,184,2015-01-01 00:00:00
185,10,185,2015-01-01 00:00:00
186,10,186,2015-04-14 00:00:00
187,10,187,2015-01-01 00:00:00
188,10,188,2015-01-01 00:00:00
189,10,189,2015-01-01 00:00:00
190,10,190,2015-01-01 00:00:00
191,10,191,2015-01-01 00:00:00
192,10,192,2015-08-12 00:00:00
193,10,193,2015-08-09 00:00:00
194,10,194,2015-01-01 00:00:00
195,10,195,2016-11-06 00:00:00
196,10,196,2016-01-26 00:00:00
197,10,197,2015-02-16 00:00:00
198,10,198,2016-04-28 00:00:00
199,10,199,2015-01-01 00:00:00
200,10,200,2015-01-01 00:00:00
201,10,201,2015-01-01 00:00:00
202,10,202,2015-09-19 00:00:00
203,10,203,2016-05-19 00:00:00
204,10,204,2015-01-01 00:00:00
205,10,205,2015-06-25 00:00:00
206,10,206,2015-01-01 00:00:00
207,10,207,2015-01-01 00:00:00
208,10,208,2015-10-26 00:00:00
209,10,209,2015-01-01 00:00:00
210,10,210,2015-01-01 00:00:00
211,10,211,2015-03-12 00:00:00
212,10,212,2015-01-01 00:00:00
213,10,213,2016-01-04 00:00:00
214,10,214,2015-10-20 00:00:00
215,10,215,2016-07-20 00:00:00
216,10,216,2016-07-20 00:00:00
217,10,217,2016-08-14 00:00:00
218,10,218,2015-01-01 00:00:00
219,10,219,2015-01-01 00:00:00
220,10,220,2015-12-27 00:00:00
221,10,221,2015-01-01 00:00:00
222,10,222,2015-09-04 00:00:00
223,10,223,2015-01-01 00:00:00
224,10,224,2015-12-14 00:00:00
225,10,225,2015-01-01 00:00:00
226,10,226,2015-01-01 00:00:00
227,10,227,2015-01-01 00:00:00
228,10,228,2015-03-04 00:00:00
229,10,229,2015-01-01 00:00:00
230,10,230,2015-01-01 00:00:00
231,10,231,2016-05-29 00:00:00
232,10,232,2015-07-24 00:00:00
233,10,233,2015-01-01 00:00:00
234,10,234,2015-08-17 00:00:00
235,10,235,2015-01-01 00:00:00
236,10,236,2016-05-19 00:00:00
237,10,237,2016-10-28 00:00:00
238,10,238,2016-10-24 00:00:00
239,10,239,2016-05-19 00:00:00
240,10,240,2015-12-26 00:00:00
241,10,241,2015-01-01 00:00:00
242,10,242,2015-08-25 00:00:00
243,10,243,2015-01-01 00:00:00
244,10,244,2015-01-01 00:00:00
245,10,245,2015-08-04 00:00:00
246,10,246,2015-07-31 00:00:00
247,10,247,2015-01-01 00:00:00
248,10,248,2015-01-01 00:00:00
249,10,249,2015-01-01 00:00:00
250,10,250,2015-02-19 00:00:00
251,10,251,2015-01-01 00:00:00
252,10,252,2015-01-01 00:00:00
253,10,253,2015-09-07 00:00:00
254,10,254,2016-04-19 00:00:00
255,10,255,2015-01-01 00:00:00
256,10,256,2015-11-30 00:00:00
257,10,257,2015-05-09 00:00:00
258,10,258,2015-01-01 00:00:00
259,10,259,2015-01-01 00:00:00
260,10,260,2015-01-01 00:00:00
261,10,261,2015-01-01 00:00:00
262,10,262,2015-09-25 00:00:00
263,10,263,2016-06-11 00:00:00
264,10,264,2015-01-01 00:00:00
265,10,265,2015-01-01 00:00:00
266,10,266,2015-03-31 00:00:00
267,10,267,2015-01-01 00:00:00
268,10,268,2015-01-01 00:00:00
269,10,269,2015-05-10 00:00:00
270,10,270,2015-02-28 00:00:00
271,10,271,2015-09-26 00:00:00
272,10,272,2015-10-01 00:00:00
273,10,273,2015-04-12 00:00:00
274,10,274,2015-01-01 00:00:00
275,10,275,2015-01-01 00:00:00
276,10,276,2015-06-19 00:00:00
277,10,277,2017-06-01 00:00:00
278,10,278,2015-02-06 00:00:00
279,10,279,2016-08-22 00:00:00
280,10,280,2016-02-07 00:00:00
281,10,281,2015-01-01 00:00:00
282,10,282,2016-02-01 00:00:00
283,10,283,2015-11-13 00:00:00
284,10,284,2017-03-16 00:00:00
285,10,285,2015-04-23 00:00:00
286,10,286,2016-08-12 00:00:00
287,10,287,2015-07-29 00:00:00
288,10,288,2015-07-11 00:00:00
289,10,289,2015-01-01 00:00:00
290,10,290,2015-01-01 00:00:00
291,10,291,2015-01-01 00:00:00
292,10,292,2015-06-02 00:00:00
293,10,293,2015-10-01 00:00:00
294,10,294,2015-01-01 00:00:00
295,10,295,2015-01-01 00:00:00
296,10,296,2015-01-26 00:00:00
297,10,297,2015-01-01 00:00:00
298,10,298,2015-01-01 00:00:00
299,10,299,2015-01-01 00:00:00
300,10,300,2016-09-10 00:00:00
301,10,301,2015-07-12 00:00:00
302,10,302,2015-01-01 00:00:00
303,10,303,2015-01-01 00:00:00
304,10,304,2015-04-02 00:00:00
305,10,305,2015-01-01 00:00:00
306,10,306,2015-11-05 00:00:00
307,10,307,2015-01-01 00:00:00
308,10,308,2015-01-01 00:00:00
309,10,309,2015-05-24 00:00:00
310,10,310,2015-01-01 00:00:00
311,10,311,2015-01-01 00:00:00
312,10,312,2015-01-01 00:00:00
313,10,313,2015-01-01 00:00:00
314,10,314,2015-01-01 00:00:00
315,10,315,2015-07-08 00:00:00
316,10,316,2015-01-01 00:00:00
317,10,317,2016-03-02 00:00:00
318,10,318,2016-03-06 00:00:00
319,10,319,2015-05-27 00:00:00
320,10,320,2015-01-01 00:00:00
321,10,321,2015-01-01 00:00:00
322,10,322,2015-01-01 00:00:00
323,10,323,2015-03-10 00:00:00
324,10,324,2015-01-01 00:00:00
325,10,325,2015-05-01 00:00:00
326,10,326,2015-01-01 00:00:00
327,10,327,2015-01-01 00:00:00
328,10,328,2015-09-29 00:00:00
329,10,329,2015-01-01 00:00:00
330,10,330,2017-06-03 00:00:00
331,10,331,2016-05-11 00:00:00
332,10,332,2015-01-01 00:00:00
333,10,333,2015-01-01 00:00:00
334,10,334,2015-01-01 00:00:00
335,10,335,2015-05-18 00:00:00
336,10,336,2015-01-01 00:00:00
337,10,337,2015-01-01 00:00:00
338,10,338,2015-01-01 00:00:00
339,10,339,2016-10-20 00:00:00
340,10,340,2015-01-01 00:00:00
341,10,341,2015-07-15 00:00:00
342,10,342,2016-01-20 00:00:00
343,10,343,2015-01-21 00:00:00
344,10,344,2015-01-01 00:00:00
345,10,345,2015-01-03 00:00:00
346,10,346,2015-01-01 00:00:00
347,10,347,2016-12-31 00:00:00
348,10,348,2015-07-07 00:00:00
349,10,349,2015-01-26 00:00:00
350,10,350,2015-07-17 00:00:00
351,10,351,2017-03-04 00:00:00
352,10,352,2015-01-01 00:00:00
353,10,353,2015-01-01 00:00:00
354,10,354,2015-01-01 00:00:00
355,10,355,2015-01-01 00:00:00
356,10,356,2015-01-01 00:00:00
357,10,357,2016-02-25 00:00:00
358,10,358,2015-01-01 00:00:00
359,10,359,2015-01-01 00:00:00
360,10,360,2016-04-25 00:00:00
361,10,361,2015-01-11 00:00:00
362,10,362,2015-01-24 00:00:00
363,10,363,2016-03-21 00:00:00
364,10,364,2015-02-21 00:00:00
365,10,365,2017-11-24 00:00:00
366,10,366,2015-07-13 00:00:00
367,10,367,2015-06-11 00:00:00
368,10,368,2016-06-03 00:00:00
369,10,369,2017-05-05 00:00:00
370,10,370,2015-01-01 00:00:00
371,10,371,2015-01-01 00:00:00
372,10,372,2015-06-03 00:00:00
373,10,373,2015-01-01 00:00:00
374,10,374,2015-01-01 00:00:00
375,10,375,2015-01-01 00:00:00
376,10,376,2015-01-01 00:00:00
377,10,377,2015-01-01 00:00:00
378,10,378,2015-01-01 00:00:00
379,10,379,2015-05-20 00:00:00
380,10,380,2016-03-19 00:00:00
381,10,381,2015-03-03 00:00:00
382,10,382,2015-01-01 00:00:00
383,10,383,2015-07-16 00:00:00
384,10,384,2015-06-26 00:00:00
385,10,385,2015-01-01 00:00:00
386,10,386,2016-03-16 00:00:00
387,10,387,2015-01-01 00:00:00
388,10,388,2015-01-01 00:00:00
389,10,389,2015-01-12 00:00:00
390,10,390,2015-01-01 00:00:00
391,10,391,2016-01-17 00:00:00
392,10,392,2016-06-26 00:00:00
393,10,393,2015-01-01 00:00:00
394,10,394,2016-08-25 00:00:00
395,10,395,2015-01-01 00:00:00
396,10,396,2015-07-03 00:00:00
397,10,397,2015-01-01 00:00:00
398,10,398,2016-02-04 00:00:00
399,10,399,2015-01-01 00:00:00
400,10,400,2015-01-01 00:00:00
401,10,401,2016-04-10 00:00:00
402,10,402,2015-03-07 00:00:00
403,10,403,2015-01-01 00:00:00
404,10,404,2015-09-29 00:00:00
405,10,405,2016-12-31 00:00:00
406,10,406,2015-08-12 00:00:00
407,10,407,2015-05-29 00:00:00
408,10,408,2015-01-01 00:00:00
409,10,409,2015-01-01 00:00:00
410,10,410,2017-09-27 00:00:00
411,10,411,2015-07-22 00:00:00
412,10,412,2016-11-15 00:00:00
413,10,413,2017-09-10 00:00:00
414,10,414,2015-01-01 00:00:00
415,10,415,2015-11-25 00:00:00
416,10,416,2015-01-01 00:00:00
417,10,417,2015-01-01 00:00:00
418,10,418,2015-01-01 00:00:00
419,10,419,2015-05-02 00:00:00
420,10,420,2015-02-02 00:00:00
421,10,421,2015-02-06 00:00:00
422,10,422,2015-01-01 00:00:00
423,10,423,2015-11-18 00:00:00
424,10,424,2016-01-09 00:00:00
425,10,425,2015-01-22 00:00:00
426,10,426,2015-01-01 00:00:00
427,10,427,2015-01-01 00:00:00
428,10,428,2015-08-01 00:00:00
429,10,429,2016-01-26 00:00:00
430,10,430,2016-05-15 00:00:00
431,10,431,2016-03-28 00:00:00
432,10,432,2015-11-15 00:00:00
433,10,433,2015-01-01 00:00:00
434,10,434,2015-04-11 00:00:00
435,10,435,2015-01-01 00:00:00
436,10,436,2015-09-29 00:00:00
437,10,437,2015-01-01 00:00:00
438,10,438,2015-01-01 00:00:00
439,10,439,2015-01-01 00:00:00
440,10,440,2015-01-01 00:00:00
441,10,441,2015-01-20 00:00:00
442,10,442,2015-09-12 00:00:00
443,10,443,2015-01-01 00:00:00
444,10,444,2016-07-27 00:00:00
445,10,445,2015-11-26 00:00:00
446,10,446,2015-01-23 00:00:00
447,10,447,2015-01-01 00:00:00
448,10,448,2015-01-01 00:00:00
449,10,449,2015-08-28 00:00:00
450,10,450,2016-10-08 00:00:00
451,10,451,2015-01-01 00:00:00
452,10,452,2015-01-01 00:00:00
453,10,453,2016-09-23 00:00:00
454,10,454,2015-08-07 00:00:00
455,10,455,2015-01-01 00:00:00
456,10,456,2015-05-24 00:00:00
457,10,457,2015-01-01 00:00:00
458,10,458,2015-01-01 00:00:00
459,10,459,2015-01-01 00:00:00
460,10,460,2015-05-09 00:00:00
461,10,461,2016-02-22 00:00:00
462,10,462,2016-01-25 00:00:00
463,10,463,2015-01-01 00:00:00
464,10,464,2015-01-01 00:00:00
465,10,465,2016-03-18 00:00:00
466,10,466,2015-02-04 00:00:00
467,10,467,2015-04-05 00:00:00
468,10,468,2015-06-02 00:00:00
469,10,469,2015-11-22 00:00:00
470,10,470,2015-01-01 00:00:00
471,10,471,2015-01-01 00:00:00
472,10,472,2015-01-01 00:00:00
473,10,473,2015-01-01 00:00:00
474,10,474,2015-01-01 00:00:00
475,10,475,2015-01-01 00:00:00
476,10,476,2015-11-10 00:00:00
477,10,477,2015-01-01 00:00:00
478,10,478,2016-05-08 00:00:00
479,10,479,2015-01-01 00:00:00
480,10,480,2015-06-27 00:00:00
481,10,481,2015-05-01 00:00:00
482,10,482,2015-01-01 00:00:00
483,10,483,2015-04-23 00:00:00
484,10,484,2015-01-01 00:00:00
485,10,485,2015-09-24 00:00:00
486,10,486,2015-01-01 00:00:00
487,10,487,2016-04-10 00:00:00
488,10,488,2015-01-01 00:00:00
489,10,489,2015-01-01 00:00:00
490,10,490,2015-03-04 00:00:00
491,10,491,2015-07-09 00:00:00
492,10,492,2015-01-01 00:00:00
493,10,493,2015-01-01 00:00:00
494,10,494,2015-06-30 00:00:00
495,10,495,2015-06-16 00:00:00
496,10,496,2015-01-01 00:00:00
497,10,497,2016-11-06 00:00:00
498,10,498,2015-01-01 00:00:00
499,10,499,2015-01-01 00:00:00
500,10,500,2015-01-01 00:00:00
501,10,501,2015-11-28 00:00:00
502,10,502,2015-01-01 00:00:00
503,10,503,2015-10-22 00:00:00
504,10,504,2015-05-29 00:00:00
505,10,505,2015-01-01 00:00:00
506,10,506,2016-08-24 00:00:00
507,10,507,2015-01-01 00:00:00
508,10,508,2015-02-23 00:00:00
509,10,509,2015-05-02 00:00:00
510,10,510,2015-01-01 00:00:00
511,10,511,2015-01-01 00:00:00
512,10,512,2015-11-05 00:00:00
513,10,513,2016-04-22 00:00:00
514,10,514,2015-04-03 00:00:00
515,10,515,2015-01-01 00:00:00
516,10,516,2015-01-01 00:00:00
517,10,517,2016-10-29 00:00:00
518,10,518,2015-12-24 00:00:00
519,10,519,2015-01-01 00:00:00
520,10,520,2016-07-15 00:00:00
521,10,521,2015-01-01 00:00:00
522,10,522,2015-02-20 00:00:00
523,10,523,2015-04-29 00:00:00
524,10,524,2015-01-01 00:00:00
525,10,525,2015-01-01 00:00:00
526,10,526,2015-01-01 00:00:00
527,10,527,2015-05-25 00:00:00
528,10,528,2015-01-01 00:00:00
529,10,529,2015-01-01 00:00:00
530,10,530,2015-01-01 00:00:00
531,10,531,2015-09-20 00:00:00
532,10,532,2015-01-01 00:00:00
533,10,533,2015-01-01 00:00:00
534,10,534,2015-01-01 00:00:00
535,10,535,2015-04-18 00:00:00
536,10,536,2015-01-01 00:00:00
537,10,537,2015-01-01 00:00:00
538,10,538,2015-01-01 00:00:00
539,10,539,2016-02-04 00:00:00
540,10,540,2015-01-01 00:00:00
541,10,541,2015-04-24 00:00:00
542,10,542,2015-01-01 00:00:00
543,10,543,2015-01-01 00:00:00
544,10,544,2015-11-13 00:00:00
545,10,545,2015-03-06 00:00:00
546,10,546,2015-09-09 00:00:00
547,10,547,2015-01-01 00:00:00
548,10,548,2015-05-30 00:00:00
549,10,549,2015-02-21 00:00:00
550,10,550,2015-01-01 00:00:00
551,10,551,2015-02-15 00:00:00
552,10,552,2015-01-01 00:00:00
553,10,553,2015-01-01 00:00:00
554,10,554,2015-01-01 00:00:00
555,10,555,2016-08-12 00:00:00
556,10,556,2015-08-16 00:00:00
557,10,557,2015-01-01 00:00:00
558,10,558,2015-01-01 00:00:00
559,10,559,2015-01-01 00:00:00
560,10,560,2015-01-01 00:00:00
561,10,561,2015-01-01 00:00:00
562,10,562,2015-06-06 00:00:00
563,10,563,2015-01-01 00:00:00
564,10,564,2015-06-17 00:00:00
565,10,565,2017-11-10 00:00:00
566,10,566,2015-01-01 00:00:00
567,10,567,2015-12-17 00:00:00
568,10,568,2015-04-17 00:00:00
569,10,569,2015-01-01 00:00:00
570,10,570,2015-07-17 00:00:00
571,10,571,2016-03-01 00:00:00
572,10,572,2015-08-21 00:00:00
573,10,573,2015-01-01 00:00:00
574,10,574,2015-01-01 00:00:00
575,10,575,2015-01-01 00:00:00
576,10,576,2015-07-14 00:00:00
577,10,577,2015-04-29 00:00:00
578,10,578,2015-11-04 00:00:00
579,10,579,2015-02-03 00:00:00
580,10,580,2015-01-01 00:00:00
581,10,581,2015-02-03 00:00:00
582,10,582,2015-01-09 00:00:00
583,10,583,2015-01-01 00:00:00
584,10,584,2015-10-16 00:00:00
585,10,585,2015-01-01 00:00:00
586,10,586,2015-01-01 00:00:00
587,10,587,2015-05-28 00:00:00
588,10,588,2015-01-01 00:00:00
589,10,589,2016-01-03 00:00:00
590,10,590,2015-01-29 00:00:00
591,10,591,2015-10-11 00:00:00
592,10,592,2015-01-01 00:00:00
593,10,593,2015-02-18 00:00:00
594,10,594,2015-01-01 00:00:00
595,10,595,2015-01-01 00:00:00
596,10,596,2015-01-01 00:00:00
597,10,597,2015-01-01 00:00:00
598,10,598,2015-08-17 00:00:00
599,10,599,2015-01-01 00:00:00
600,10,600,2016-06-18 00:00:00
601,10,601,2015-01-01 00:00:00
602,10,602,2016-05-25 00:00:00
603,10,603,2015-01-01 00:00:00
604,10,604,2015-01-01 00:00:00
605,10,605,2015-10-08 00:00:00
606,10,606,2015-01-01 00:00:00
607,10,607,2015-06-22 00:00:00
608,10,608,2015-01-01 00:00:00
609,10,609,2015-01-01 00:00:00
610,10,610,2015-08-19 00:00:00
611,10,611,2015-01-01 00:00:00
612,10,612,2015-03-01 00:00:00
613,10,613,2016-04-30 00:00:00
614,10,614,2015-06-22 00:00:00
615,10,615,2015-09-19 00:00:00
616,10,616,2015-01-01 00:00:00
617,10,617,2016-07-07 00:00:00
618,10,618,2016-01-30 00:00:00
619,10,619,2015-09-13 00:00:00
620,10,620,2015-03-20 00:00:00
621,10,621,2015-11-20 00:00:00
622,10,622,2016-06-13 00:00:00
623,10,623,2016-06-24 00:00:00
624,10,624,2016-01-02 00:00:00
625,10,625,2015-01-01 00:00:00
626,10,626,2015-02-05 00:00:00
627,10,627,2016-07-14 00:00:00
628,10,628,2015-01-01 00:00:00
629,10,629,2015-08-24 00:00:00
630,10,630,2015-01-01 00:00:00
631,10,631,2015-01-01 00:00:00
632,10,632,2015-01-01 00:00:00
633,10,633,2015-01-01 00:00:00
634,10,634,2015-01-01 00:00:00
635,10,635,2015-01-01 00:00:00
636,10,636,2015-01-01 00:00:00
637,10,637,2016-07-31 00:00:00
638,10,638,2015-01-01 00:00:00
639,10,639,2015-01-25 00:00:00
640,10,640,2015-01-01 00:00:00
641,10,641,2016-05-11 00:00:00
642,10,642,2015-02-28 00:00:00
643,10,643,2015-01-01 00:00:00
644,10,644,2016-01-20 00:00:00
645,10,645,2015-06-10 00:00:00
646,10,646,2015-08-29 00:00:00
647,10,647,2015-01-01 00:00:00
648,10,648,2015-01-01 00:00:00
649,10,649,2016-02-18 00:00:00
650,10,650,2015-01-01 00:00:00
651,10,651,2015-01-01 00:00:00
652,10,652,2016-01-08 00:00:00
653,10,653,2015-01-01 00:00:00
654,10,654,2015-01-01 00:00:00
655,10,655,2015-01-01 00:00:00
656,10,656,2015-01-01 00:00:00
657,10,657,2015-01-01 00:00:00
658,10,658,2015-11-18 00:00:00
659,10,659,2015-10-05 00:00:00
660,10,660,2015-07-18 00:00:00
661,10,661,2015-07-09 00:00:00
662,10,662,2016-01-31 00:00:00
663,10,663,2015-12-05 00:00:00
664,10,664,2015-01-01 00:00:00
665,10,665,2015-01-01 00:00:00
666,10,666,2015-01-01 00:00:00
667,10,667,2015-01-01 00:00:00
668,10,668,2015-06-26 00:00:00
669,10,669,2015-01-01 00:00:00
670,10,670,2016-07-19 00:00:00
671,10,671,2015-09-18 00:00:00
672,10,672,2015-08-18 00:00:00
673,10,673,2015-01-01 00:00:00
674,10,674,2015-01-01 00:00:00
675,10,675,2016-11-06 00:00:00
676,10,676,2015-01-01 00:00:00
677,10,677,2015-12-05 00:00:00
678,10,678,2015-07-10 00:00:00
679,10,679,2015-02-05 00:00:00
680,10,680,2015-01-01 00:00:00
681,10,681,2015-01-01 00:00:00
682,10,682,2016-01-13 00:00:00
683,10,683,2015-01-01 00:00:00
684,10,684,2017-12-07 00:00:00
685,10,685,2016-06-01 00:00:00
686,10,686,2015-01-01 00:00:00
687,10,687,2015-01-01 00:00:00
688,10,688,2017-01-08 00:00:00
689,10,689,2015-05-24 00:00:00
690,10,690,2016-12-08 00:00:00
691,10,691,2015-01-01 00:00:00
692,10,692,2015-12-17 00:00:00
693,10,693,2015-01-01 00:00:00
694,10,694,2015-01-01 00:00:00
695,10,695,2015-04-05 00:00:00
696,10,696,2015-01-01 00:00:00
697,10,697,2015-09-12 00:00:00
698,10,698,2016-04-20 00:00:00
699,10,699,2016-01-04 00:00:00
700,10,700,2015-10-14 00:00:00
701,10,701,2015-01-01 00:00:00
702,10,702,2015-02-26 00:00:00
703,10,703,2015-01-01 00:00:00
704,10,704,2015-01-01 00:00:00
705,10,705,2015-09-17 00:00:00
706,10,706,2016-03-21 00:00:00
707,10,707,2016-03-29 00:00:00
708,10,708,2015-01-01 00:00:00
709,10,709,2015-01-01 00:00:00
710,10,710,2015-02-09 00:00:00
711,10,711,2015-01-01 00:00:00
712,10,712,2015-01-01 00:00:00
713,10,713,2016-05-14 00:00:00
714,10,714,2015-01-01 00:00:00
715,10,715,2015-01-01 00:00:00
716,10,716,2015-01-01 00:00:00
717,10,717,2015-01-01 00:00:00
718,10,718,2015-01-01 00:00:00
719,10,719,2015-08-05 00:00:00
720,10,720,2015-01-01 00:00:00
721,10,721,2015-01-01 00:00:00
722,10,722,2015-01-01 00:00:00
723,10,723,2015-04-29 00:00:00
724,10,724,2016-01-09 00:00:00
725,10,725,2015-10-14 00:00:00
726,10,726,2015-02-15 00:00:00
727,10,727,2015-09-28 00:00:00
728,10,728,2015-01-01 00:00:00
729,10,729,2015-06-10 00:00:00
730,10,730,2015-06-20 00:00:00
731,10,731,2015-11-19 00:00:00
732,10,732,2015-09-29 00:00:00
733,10,733,2015-10-09 00:00:00
734,10,734,2015-01-01 00:00:00
735,10,735,2015-01-01 00:00:00
736,10,736,2015-02-09 00:00:00
737,10,737,2015-09-28 00:00:00
738,10,738,2015-01-01 00:00:00
739,10,739,2015-01-01 00:00:00
740,10,740,2015-01-01 00:00:00
741,10,741,2015-01-01 00:00:00
742,10,742,2015-01-01 00:00:00
743,10,743,2016-02-28 00:00:00
744,10,744,2017-04-11 00:00:00
745,10,745,2015-01-01 00:00:00
746,10,746,2015-01-01 00:00:00
747,10,747,2015-01-01 00:00:00
748,10,748,2016-12-12 00:00:00
749,10,749,2015-03-29 00:00:00
750,10,750,2015-01-01 00:00:00
751,10,751,2015-01-01 00:00:00
752,10,752,2015-06-17 00:00:00
753,10,753,2015-06-13 00:00:00
754,10,754,2016-11-23 00:00:00
755,10,755,2015-05-09 00:00:00
756,10,756,2015-09-07 00:00:00
757,10,757,2016-05-11 00:00:00
758,10,758,2015-08-12 00:00:00
759,10,759,2015-01-01 00:00:00
760,10,760,2016-01-28 00:00:00
761,10,761,2016-11-30 00:00:00
762,10,762,2015-01-01 00:00:00
763,10,763,2015-01-01 00:00:00
764,10,764,2015-05-21 00:00:00
765,10,765,2015-01-06 00:00:00
766,10,766,2015-01-01 00:00:00
767,10,767,2015-11-21 00:00:00
768,10,768,2015-10-13 00:00:00
769,10,769,2015-01-01 00:00:00
770,10,770,2015-10-06 00:00:00
771,10,771,2016-05-15 00:00:00
772,10,772,2016-05-15 00:00:00
773,10,773,2015-04-26 00:00:00
774,10,774,2016-04-21 00:00:00
775,10,775,2015-01-01 00:00:00
776,10,776,2015-07-12 00:00:00
777,10,777,2015-01-19 00:00:00
778,10,778,2015-01-13 00:00:00
779,10,779,2015-01-01 00:00:00
780,10,780,2015-11-01 00:00:00
781,10,781,2015-01-15 00:00:00
782,10,782,2015-01-01 00:00:00
783,10,783,2015-02-04 00:00:00
784,10,784,2016-02-03 00:00:00
785,10,785,2015-01-01 00:00:00
786,10,786,2015-11-11 00:00:00
787,10,787,2015-01-01 00:00:00
788,10,788,2015-02-15 00:00:00
789,10,789,2015-01-01 00:00:00
790,10,790,2015-11-05 00:00:00
791,10,791,2015-01-01 00:00:00
792,10,792,2015-01-16 00:00:00
793,10,793,2015-06-06 00:00:00
794,10,794,2016-04-20 00:00:00
795,10,795,2016-05-26 00:00:00
796,10,796,2015-01-01 00:00:00
797,10,797,2015-04-26 00:00:00
798,10,798,2015-09-28 00:00:00
799,10,799,2015-04-13 00:00:00
800,10,800,2016-05-13 00:00:00
801,10,801,2016-10-13 00:00:00
802,10,802,2015-01-01 00:00:00
803,10,803,2015-01-01 00:00:00
804,10,804,2015-05-28 00:00:00
805,10,805,2015-01-01 00:00:00
806,10,806,2015-01-01 00:00:00
807,10,807,2015-10-07 00:00:00
808,10,808,2015-01-01 00:00:00
809,10,809,2015-01-01 00:00:00
810,10,810,2015-01-15 00:00:00
811,10,811,2015-03-02 00:00:00
812,10,812,2015-01-12 00:00:00
813,10,813,2015-12-13 00:00:00
814,10,814,2015-01-01 00:00:00
815,10,815,2015-01-01 00:00:00
816,10,816,2016-07-15 00:00:00
817,10,817,2015-01-01 00:00:00
818,10,818,2015-01-29 00:00:00
819,10,819,2015-12-17 00:00:00
820,10,820,2015-01-01 00:00:00
821,10,821,2015-01-01 00:00:00
822,10,822,2015-09-18 00:00:00
823,10,823,2015-04-24 00:00:00
824,10,824,2015-01-01 00:00:00
825,10,825,2015-09-04 00:00:00
826,10,826,2015-01-01 00:00:00
827,10,827,2015-01-01 00:00:00
828,10,828,2015-01-01 00:00:00
829,10,829,2015-01-01 00:00:00
830,10,830,2016-09-09 00:00:00
831,10,831,2015-11-03 00:00:00
832,10,832,2016-07-06 00:00:00
833,10,833,2015-01-01 00:00:00
834,10,834,2015-01-01 00:00:00
835,10,835,2015-01-01 00:00:00
836,10,836,2015-01-01 00:00:00
837,10,837,2015-01-01 00:00:00
838,10,838,2015-12-11 00:00:00
839,10,839,2015-11-22 00:00:00
840,10,840,2015-11-02 00:00:00
841,10,841,2015-06-29 00:00:00
842,10,842,2015-01-01 00:00:00
843,10,843,2015-01-01 00:00:00
844,10,844,2015-01-01 00:00:00
845,10,845,2015-01-30 00:00:00
846,10,846,2015-05-02 00:00:00
847,10,847,2016-05-16 00:00:00
848,10,848,2016-04-22 00:00:00
849,10,849,2015-05-04 00:00:00
850,10,850,2015-01-01 00:00:00
851,10,851,2015-01-01 00:00:00
852,10,852,2015-11-23 00:00:00
853,10,853,2015-05-15 00:00:00
854,10,854,2015-04-17 00:00:00
855,10,855,2015-01-01 00:00:00
856,10,856,2015-01-04 00:00:00
857,10,857,2015-01-01 00:00:00
858,10,858,2015-07-01 00:00:00
859,10,859,2015-03-24 00:00:00
860,10,860,2015-05-01 00:00:00
861,10,861,2015-01-01 00:00:00
862,10,862,2015-01-01 00:00:00
863,10,863,2015-01-01 00:00:00
864,10,864,2016-01-09 00:00:00
865,10,865,2015-07-29 00:00:00
866,10,866,2015-01-01 00:00:00
867,10,867,2015-01-01 00:00:00
868,10,868,2015-11-20 00:00:00
869,10,869,2016-07-25 00:00:00
870,10,870,2015-01-01 00:00:00
871,10,871,2015-01-01 00:00:00
872,10,872,2015-01-01 00:00:00
873,10,873,2015-01-01 00:00:00
874,10,874,2015-01-01 00:00:00
875,10,875,2015-04-28 00:00:00
876,10,876,2015-04-16 00:00:00
877,10,877,2015-04-28 00:00:00
878,10,878,2015-01-01 00:00:00
879,10,879,2015-01-01 00:00:00
880,10,880,2015-09-17 00:00:00
881,10,881,2015-01-01 00:00:00
882,10,882,2015-05-25 00:00:00
883,10,883,2015-03-22 00:00:00
884,10,884,2015-01-01 00:00:00
885,10,885,2015-01-01 00:00:00
886,10,886,2015-01-01 00:00:00
887,10,887,2015-01-01 00:00:00
888,10,888,2015-12-21 00:00:00
889,10,889,2015-01-01 00:00:00
890,10,890,2016-05-26 00:00:00
891,10,891,2015-01-11 00:00:00
892,10,892,2015-01-01 00:00:00
893,10,893,2015-01-01 00:00:00
894,10,894,2017-07-29 00:00:00
895,10,895,2015-01-01 00:00:00
896,10,896,2015-05-21 00:00:00
897,10,897,2015-06-20 00:00:00
898,10,898,2015-01-01 00:00:00
899,10,899,2015-05-17 00:00:00
900,10,900,2015-01-01 00:00:00
901,10,901,2015-12-12 00:00:00
902,10,902,2015-01-01 00:00:00
903,10,903,2015-01-01 00:00:00
904,10,904,2015-01-01 00:00:00
905,10,905,2015-01-01 00:00:00
906,10,906,2016-02-12 00:00:00
907,10,907,2015-01-01 00:00:00
908,10,908,2015-01-01 00:00:00
909,10,909,2015-01-01 00:00:00
910,10,910,2015-02-26 00:00:00
911,10,911,2016-01-22 00:00:00
912,10,912,2015-01-09 00:00:00
913,10,913,2015-02-23 00:00:00
914,10,914,2015-01-01 00:00:00
915,10,915,2015-02-17 00:00:00
916,10,916,2015-05-14 00:00:00
917,10,917,2015-01-01 00:00:00
918,10,918,2017-05-15 00:00:00
919,10,919,2017-04-14 00:00:00
920,10,920,2015-01-01 00:00:00
921,10,921,2015-01-01 00:00:00
922,10,922,2015-01-01 00:00:00
923,10,923,2015-12-04 00:00:00
924,10,924,2015-01-01 00:00:00
925,10,925,2018-05-20 00:00:00
926,10,926,2016-01-16 00:00:00
927,10,927,2015-07-21 00:00:00
928,10,928,2015-01-01 00:00:00
929,10,929,2015-01-01 00:00:00
930,10,930,2015-01-01 00:00:00
931,10,931,2015-01-01 00:00:00
932,10,932,2015-01-29 00:00:00
933,10,933,2015-01-01 00:00:00
934,10,934,2015-01-01 00:00:00
935,10,935,2015-01-01 00:00:00
936,10,936,2015-04-25 00:00:00
937,10,937,2016-02-17 00:00:00
938,10,938,2015-01-01 00:00:00
939,10,939,2015-01-01 00:00:00
940,10,940,2015-01-01 00:00:00
941,10,941,2017-03-13 00:00:00
942,10,942,2016-02-04 00:00:00
943,10,943,2016-05-07 00:00:00
944,10,944,2015-01-01 00:00:00
945,10,945,2015-01-01 00:00:00
946,10,946,2015-01-01 00:00:00
947,10,947,2016-04-26 00:00:00
948,10,948,2016-03-27 00:00:00
949,10,949,2016-03-25 00:00:00
950,10,950,2015-01-14 00:00:00
951,10,951,2016-03-28 00:00:00
952,10,952,2015-01-01 00:00:00
953,10,953,2017-06-17 00:00:00
954,10,954,2015-01-01 00:00:00
955,10,955,2015-01-23 00:00:00
956,10,956,2015-04-27 00:00:00
957,10,957,2015-01-01 00:00:00
958,10,958,2015-04-01 00:00:00
959,10,959,2015-01-01 00:00:00
960,10,960,2016-06-12 00:00:00
961,10,961,2015-10-07 00:00:00
962,10,962,2015-11-26 00:00:00
963,10,963,2015-01-01 00:00:00
964,10,964,2015-08-08 00:00:00
965,10,965,2015-10-02 00:00:00
966,10,966,2015-01-01 00:00:00
967,10,967,2016-02-08 00:00:00
968,10,968,2015-06-20 00:00:00
969,10,969,2015-07-25 00:00:00
970,10,970,2016-03-21 00:00:00
971,10,971,2015-05-19 00:00:00
972,10,972,2015-01-01 00:00:00
973,10,973,2015-01-01 00:00:00
974,10,974,2015-01-01 00:00:00
975,10,975,2015-01-01 00:00:00
976,10,976,2015-06-17 00:00:00
977,10,977,2015-01-01 00:00:00
978,10,978,2015-01-16 00:00:00
979,10,979,2015-05-23 00:00:00
980,10,980,2015-01-01 00:00:00
981,10,981,2015-09-09 00:00:00
982,10,982,2016-06-22 00:00:00
983,10,983,2015-01-01 00:00:00
984,10,984,2015-01-01 00:00:00
985,10,985,2015-01-01 00:00:00
986,10,986,2016-08-25 00:00:00
987,10,987,2015-04-20 00:00:00
988,10,988,2015-08-21 00:00:00
989,10,989,2015-01-29 00:00:00
990,10,990,2015-01-01 00:00:00
991,10,991,2015-04-05 00:00:00
992,10,992,2015-01-01 00:00:00
993,10,993,2016-05-11 00:00:00
994,10,994,2015-01-01 00:00:00
995,10,995,2015-10-30 00:00:00
996,10,996,2015-11-19 00:00:00
997,10,997,2015-12-19 00:00:00
998,10,998,2015-01-01 00:00:00
999,10,999,2016-01-22 00:00:00
1000,10,1000,2015-04-29 00:00:00
1001,91,201,2015-06-06 00:00:00
1002,10,1001,2015-05-19 00:00:00
1003,90,599,2015-01-31 00:00:00
1004,10,1002,2015-05-21 00:00:00
1005,91,531,2015-10-03 00:00:00
1006,10,1003,2015-03-14 00:00:00
1007,91,140,2015-10-27 00:00:00
1008,10,1004,2015-10-22 00:00:00
1009,90,210,2015-06-26 00:00:00
1010,10,1005,2015-06-07 00:00:00
1011,90,909,2015-04-14 00:00:00
1012,10,1006,2015-03-04 00:00:00
1013,10,1007,2015-01-09 00:00:00
1014,90,781,2016-01-05 00:00:00
1015,10,1008,2015-06-12 00:00:00
1016,90,488,2015-06-17 00:00:00
1017,10,1009,2015-02-12 00:00:00
1018,90,9,2015-04-07 00:00:00
1019,10,1010,2015-10-16 00:00:00
1020,91,799,2015-04-27 00:00:00
1021,10,1011,2015-05-21 00:00:00
1022,90,756,2015-09-15 00:00:00
1023,10,1012,2015-06-18 00:00:00
1024,91,9,2015-02-22 00:00:00
1025,10,1013,2015-09-16 00:00:00
1026,90,958,2015-10-31 00:00:00
1027,10,1014,2015-08-06 00:00:00
1028,90,40,2015-08-27 00:00:00
1029,10,1015,2015-06-18 00:00:00
1030,90,824,2015-05-21 00:00:00
1031,10,1016,2015-05-08 00:00:00
1032,91,457,2015-09-23 00:00:00
1033,10,1017,2015-03-22 00:00:00
1034,91,779,2015-05-18 00:00:00
1035,10,1018,2015-03-14 00:00:00
1036,91,233,2016-02-23 00:00:00
1037,10,1019,2015-09-27 00:00:00
1038,10,1020,2015-07-29 00:00:00
1039,91,804,2015-07-27 00:00:00
1040,10,1021,2015-06-25 00:00:00
1041,90,631,2015-08-09 00:00:00
1042,10,1022,2015-04-06 00:00:00
1043,10,1023,2015-04-26 00:00:00
1044,10,1024,2015-05-17 00:00:00
1045,10,1025,2015-05-10 00:00:00
1046,90,608,2015-07-16 00:00:00
1047,10,1026,2015-06-09 00:00:00
1048,90,142,2015-06-19 00:00:00
1049,10,1027,2016-01-16 00:00:00
1050,91,620,2016-02-14 00:00:00
1051,10,1028,2015-11-29 00:00:00
1052,10,1029,2015-08-28 00:00:00
1053,90,373,2015-06-08 00:00:00
1054,10,1030,2015-10-06 00:00:00
1055,10,1031,2015-11-08 00:00:00
1056,10,1032,2015-05-22 00:00:00
1057,91,674,2015-03-19 00:00:00
1058,10,1033,2015-01-01 00:00:00
1059,10,1034,2015-08-19 00:00:00
1060,10,1035,2015-03-23 00:00:00
1061,90,334,2015-02-04 00:00:00
1062,10,1036,2015-09-28 00:00:00
1063,10,1037,2015-08-23 00:00:00
1064,90,183,2015-06-30 00:00:00
1065,10,1038,2015-03-18 00:00:00
1066,90,464,2015-04-04 00:00:00
1067,10,1039,2015-07-31 00:00:00
1068,90,650,2015-06-05 00:00:00
1069,10,1040,2015-01-01 00:00:00
1070,91,935,2015-04-30 00:00:00
1071,10,1041,2015-05-31 00:00:00
1072,10,1042,2015-01-01 00:00:00
1073,91,370,2015-10-15 00:00:00
1074,10,1043,2015-08-22 00:00:00
1075,10,1044,2015-06-27 00:00:00
1076,10,1045,2015-04-27 00:00:00
1077,10,1046,2015-07-03 00:00:00
1078,90,655,2015-06-25 00:00:00
1079,10,1047,2015-06-19 00:00:00
1080,10,1048,2015-10-08 00:00:00
1081,10,1049,2015-07-18 00:00:00
1082,91,630,2015-06-09 00:00:00
1083,10,1050,2015-08-01 00:00:00
1084,90,133,2015-05-08 00:00:00
1085,10,1051,2015-10-26 00:00:00
1086,90,328,2016-05-18 00:00:00
1087,10,1052,2016-05-17 00:00:00
1088,90,293,2016-05-14 00:00:00
1089,10,1053,2016-01-22 00:00:00
1090,91,564,2016-05-21 00:00:00
1091,10,1054,2016-05-13 00:00:00
1092,91,207,2016-04-17 00:00:00
1093,10,1055,2016-02-25 00:00:00
1094,91,662,2016-07-17 00:00:00
1095,10,1056,2016-07-29 00:00:00
1096,91,721,2016-07-28 00:00:00
1097,10,1057,2016-09-12 00:00:00
1098,91,728,2016-01-26 00:00:00
1099,10,1058,2017-02-02 00:00:00
1100,90,666,2016-05-02 00:00:00
1101,10,1059,2016-02-01 00:00:00
1102,91,133,2016-05-21 00:00:00
1103,10,1060,2017-01-12 00:00:00
1104,90,882,2016-10-17 00:00:00
1105,10,1061,2016-04-07 00:00:00
1106,91,794,2016-10-30 00:00:00
1107,10,1062,2016-12-01 00:00:00
1108,10,1063,2016-03-24 00:00:00
1109,90,1006,2016-04-30 00:00:00
1110,10,1064,2016-03-17 00:00:00
1111,90,387,2016-07-20 00:00:00
1112,10,1065,2016-07-03 00:00:00
1113,90,834,2016-04-03 00:00:00
1114,10,1066,2016-03-19 00:00:00
1115,90,846,2016-08-09 00:00:00
1116,10,1067,2016-07-25 00:00:00
1117,90,715,2016-07-27 00:00:00
1118,10,1068,2016-06-20 00:00:00
1119,90,441,2016-08-04 00:00:00
1120,10,1069,2016-02-29 00:00:00
1121,90,190,2016-07-05 00:00:00
1122,10,1070,2016-06-08 00:00:00
1123,90,557,2016-08-18 00:00:00
1124,10,1071,2016-03-25 00:00:00
1125,90,81,2017-04-13 00:00:00
1126,10,1072,2016-09-02 00:00:00
1127,90,321,2016-06-19 00:00:00
1128,10,1073,2016-10-19 00:00:00
1129,91,976,2016-03-25 00:00:00
1130,10,1074,2016-09-30 00:00:00
1131,91,728,2016-09-15 00:00:00
1132,10,1075,2016-06-16 00:00:00
1133,10,1076,2016-04-11 00:00:00
1134,90,588,2016-02-02 00:00:00
1135,10,1077,2016-08-04 00:00:00
1136,91,63,2016-08-25 00:00:00
1137,10,1078,2016-03-07 00:00:00
1138,90,264,2016-04-09 00:00:00
1139,10,1079,2016-03-22 00:00:00
1140,90,582,2016-08-14 00:00:00
1141,10,1080,2016-07-18 00:00:00
1142,90,95,2016-10-29 00:00:00
1143,10,1081,2016-06-22 00:00:00
1144,90,482,2016-07-03 00:00:00
1145,10,1082,2016-06-08 00:00:00
1146,90,609,2016-06-18 00:00:00
1147,10,1083,2016-10-10 00:00:00
1148,91,42,2016-09-21 00:00:00
1149,10,1084,2016-05-09 00:00:00
1150,90,126,2016-06-20 00:00:00
1151,10,1085,2016-02-15 00:00:00
1152,10,1086,2016-07-04 00:00:00
1153,90,504,2016-11-25 00:00:00
1154,10,1087,2016-07-25 00:00:00
1155,91,769,2016-08-13 00:00:00
1156,10,1088,2016-04-04 00:00:00
1157,91,580,2016-11-14 00:00:00
1158,10,1089,2016-07-24 00:00:00
1159,90,1046,2016-03-27 00:00:00
1160,10,1090,2016-05-27 00:00:00
1161,10,1091,2016-02-08 00:00:00
1162,90,211,2016-04-19 00:00:00
1163,10,1092,2016-09-08 00:00:00
1164,90,420,2016-04-06 00:00:00
1165,10,1093,2016-12-21 00:00:00
1166,91,621,2016-08-07 00:00:00
1167,10,1094,2016-10-14 00:00:00
1168,91,959,2016-09-26 00:00:00
1169,10,1095,2016-07-08 00:00:00
1170,91,671,2016-06-23 00:00:00
1171,10,1096,2016-07-27 00:00:00
1172,90,587,2016-09-12 00:00:00
1173,10,1097,2016-04-20 00:00:00
1174,90,648,2016-06-26 00:00:00
1175,10,1098,2016-06-11 00:00:00
1176,90,348,2016-06-15 00:00:00
1177,10,1099,2016-09-16 00:00:00
1178,91,514,2015-12-28 00:00:00
1179,10,1100,2016-09-27 00:00:00
1180,90,82,2016-04-29 00:00:00
1181,10,1101,2016-08-10 00:00:00
1182,90,666,2016-05-04 00:00:00
1183,10,1102,2016-07-16 00:00:00
1184,10,1103,2016-03-29 00:00:00
1185,90,214,2016-10-11 00:00:00
1186,10,1104,2016-03-02 00:00:00
1187,91,1028,2016-04-21 00:00:00
1188,10,1105,2016-10-28 00:00:00
1189,91,309,2017-09-26 00:00:00
1190,10,1106,2017-09-23 00:00:00
1191,91,625,2017-08-07 00:00:00
1192,10,1107,2017-09-25 00:00:00
1193,91,1071,2017-09-02 00:00:00
1194,10,1108,2017-03-13 00:00:00
1195,91,126,2017-04-22 00:00:00
1196,10,1109,2017-02-15 00:00:00
1197,90,835,2017-08-06 00:00:00
1198,10,1110,2017-10-04 00:00:00
1199,91,839,2017-09-16 00:00:00
1200,10,1111,2017-04-19 00:00:00
1201,91,53,2017-07-21 00:00:00
1202,10,1112,2017-04-04 00:00:00
1203,90,147,2017-01-15 00:00:00
1204,10,1113,2017-04-04 00:00:00
1205,91,1040,2017-11-18 00:00:00
1206,10,1114,2017-06-26 00:00:00
1207,91,117,2017-06-04 00:00:00
1208,10,1115,2017-11-01 00:00:00
1209,91,1,2017-05-29 00:00:00
1210,10,1116,2017-07-08 00:00:00
1211,91,1052,2017-04-20 00:00:00
1212,10,1117,2017-04-24 00:00:00
1213,91,253,2017-08-06 00:00:00
1214,10,1118,2017-10-26 00:00:00
1215,91,837,2017-11-09 00:00:00
1216,10,1119,2017-07-09 00:00:00
1217,90,155,2017-09-16 00:00:00
1218,10,1120,2017-05-20 00:00:00
1219,90,266,2017-03-27 00:00:00
1220,10,1121,2017-06-10 00:00:00
1221,90,794,2017-09-03 00:00:00
1222,10,1122,2017-01-24 00:00:00
1223,91,234,2017-09-15 00:00:00
1224,10,1123,2017-05-21 00:00:00
1225,90,781,2017-11-08 00:00:00
1226,10,1124,2017-09-22 00:00:00
1227,91,338,2017-06-05 00:00:00
1228,10,1125,2017-09-19 00:00:00
1229,90,486,2017-05-10 00:00:00
1230,10,1126,2017-07-04 00:00:00
1231,91,985,2017-09-10 00:00:00
1232,10,1127,2017-02-13 00:00:00
1233,91,273,2017-08-12 00:00:00
1234,10,1128,2017-03-23 00:00:00
1235,90,138,2017-06-15 00:00:00
1236,10,1129,2017-07-07 00:00:00
1237,91,1099,2017-08-14 00:00:00
1238,10,1130,2017-11-11 00:00:00
1239,90,834,2017-09-26 00:00:00
1240,10,1131,2017-05-07 00:00:00
1241,90,414,2016-12-27 00:00:00
1242,10,1132,2016-11-17 00:00:00
1243,90,855,2017-07-10 00:00:00
1244,10,1133,2017-11-15 00:00:00
1245,91,250,2017-06-29 00:00:00
1246,10,1134,2017-05-08 00:00:00
1247,91,430,2017-03-29 00:00:00
1248,10,1135,2017-08-01 00:00:00
1249,91,665,2017-02-01 00:00:00
1250,10,1136,2017-11-24 00:00:00
1251,90,1053,2018-01-08 00:00:00
1252,10,1137,2017-04-27 00:00:00
1253,91,489,2017-03-18 00:00:00
1254,10,1138,2017-08-27 00:00:00
1255,90,226,2017-06-22 00:00:00
1256,10,1139,2017-08-06 00:00:00
1257,91,603,2017-07-19 00:00:00
1258,10,1140,2017-07-24 00:00:00
1259,90,1019,2017-06-09 00:00:00
1260,10,1141,2017-05-09 00:00:00
1261,90,592,2016-12-08 00:00:00
1262,10,1142,2017-08-02 00:00:00
1263,91,1028,2017-07-24 00:00:00
1264,10,1143,2017-07-21 00:00:00
1265,91,401,2017-10-01 00:00:00
1266,10,1144,2017-05-30 00:00:00
1267,90,637,2017-07-15 00:00:00
1268,10,1145,2017-07-19 00:00:00
1269,91,697,2017-12-18 00:00:00
1270,10,1146,2017-08-14 00:00:00
1271,90,266,2017-05-05 00:00:00
1272,10,1147,2017-07-23 00:00:00
1273,90,465,2017-06-21 00:00:00
1274,10,1148,2017-04-13 00:00:00
1275,90,937,2017-04-11 00:00:00
1276,10,1149,2017-07-30 00:00:00
1277,90,955,2017-09-15 00:00:00
1278,10,1150,2017-06-23 00:00:00
1279,10,1151,2017-08-24 00:00:00
1280,91,358,2017-04-04 00:00:00
1281,10,1152,2017-09-06 00:00:00
1282,90,165,2017-04-09 00:00:00
1283,10,1153,2017-07-04 00:00:00
1284,90,837,2017-05-29 00:00:00
1285,10,1154,2017-02-14 00:00:00
1286,10,1155,2017-10-16 00:00:00
1287,10,1156,2017-06-10 00:00:00
1288,90,944,2017-08-05 00:00:00
1289,10,1157,2017-07-31 00:00:00
1290,91,1014,2017-03-27 00:00:00
1291,10,1158,2017-08-26 00:00:00
1292,91,178,2017-07-06 00:00:00
1293,10,1159,2017-06-26 00:00:00
1294,90,781,2017-06-10 00:00:00
1295,10,1160,2017-07-30 00:00:00
1296,90,243,2017-10-25 00:00:00
1297,10,1161,2017-08-27 00:00:00
1298,90,950,2018-11-21 00:00:00
1299,10,1162,2018-06-03 00:00:00
1300,90,867,2018-05-30 00:00:00
1301,10,1163,2018-05-13 00:00:00
1302,90,76,2018-09-17 00:00:00
1303,10,1164,2018-08-14 00:00:00
1304,91,350,2019-01-07 00:00:00
1305,10,1165,2019-02-20 00:00:00
1306,90,1084,2018-10-06 00:00:00
1307,10,1166,2018-06-09 00:00:00
1308,90,687,2018-07-21 00:00:00
1309,10,1167,2018-05-07 00:00:00
1310,91,814,2018-04-17 00:00:00
1311,10,1168,2018-09-07 00:00:00
1312,91,647,2018-04-11 00:00:00
1313,10,1169,2018-06-16 00:00:00
1314,91,766,2017-11-17 00:00:00
1315,10,1170,2018-08-10 00:00:00
1316,91,609,2018-10-20 00:00:00
1317,10,1171,2018-09-22 00:00:00
1318,91,1042,2018-07-18 00:00:00
1319,10,1172,2018-07-13 00:00:00
1320,91,228,2018-07-06 00:00:00
1321,10,1173,2018-07-07 00:00:00
1322,91,292,2018-01-28 00:00:00
1323,10,1174,2018-02-24 00:00:00
1324,90,525,2018-08-22 00:00:00
1325,10,1175,2018-07-07 00:00:00
1326,91,353,2018-10-24 00:00:00
1327,10,1176,2018-07-23 00:00:00
1328,90,157,2018-12-11 00:00:00
1329,10,1177,2018-04-28 00:00:00
1330,90,461,2018-06-02 00:00:00
1331,10,1178,2018-03-02 00:00:00
1332,91,459,2018-04-19 00:00:00
1333,10,1179,2018-10-27 00:00:00
1334,91,184,2018-06-11 00:00:00
1335,10,1180,2018-02-06 00:00:00
1336,91,164,2018-10-12 00:00:00
1337,10,1181,2018-06-10 00:00:00
1338,90,52,2018-07-14 00:00:00
1339,10,1182,2018-07-15 00:00:00
1340,91,921,2018-05-02 00:00:00
1341,10,1183,2018-05-25 00:00:00
1342,90,878,2018-04-21 00:00:00
1343,10,1184,2018-07-11 00:00:00
1344,91,303,2018-09-19 00:00:00
1345,10,1185,2018-06-03 00:00:00
1346,91,663,2018-12-30 00:00:00
1347,10,1186,2018-09-11 00:00:00
1348,91,7,2018-10-08 00:00:00
1349,10,1187,2018-06-05 00:00:00
1350,91,158,2017-12-22 00:00:00
1351,10,1188,2018-06-09 00:00:00
1352,90,571,2018-06-27 00:00:00
1353,10,1189,2018-09-20 00:00:00
1354,91,49,2018-08-28 00:00:00
1355,10,1190,2018-09-04 00:00:00
1356,91,257,2018-09-15 00:00:00
1357,10,1191,2018-04-14 00:00:00
1358,90,210,2018-04-16 00:00:00
1359,10,1192,2018-01-05 00:00:00
1360,91,811,2018-12-15 00:00:00
1361,10,1193,2018-10-05 00:00:00
1362,90,1139,2018-10-28 00:00:00
1363,10,1194,2018-09-06 00:00:00
1364,91,422,2018-06-09 00:00:00
1365,10,1195,2018-05-05 00:00:00
1366,90,872,2018-03-26 00:00:00
1367,10,1196,2018-07-14 00:00:00
1368,91,917,2018-04-20 00:00:00
1369,10,1197,2018-06-17 00:00:00
1370,90,1176,2018-10-04 00:00:00
1371,10,1198,2018-03-31 00:00:00
1372,90,557,2018-08-26 00:00:00
1373,10,1199,2018-06-19 00:00:00
1374,91,173,2018-08-22 00:00:00
1375,10,1200,2018-10-11 00:00:00
1376,90,142,2018-09-07 00:00:00
1377,10,1201,2018-11-20 00:00:00
1378,91,167,2019-01-24 00:00:00
1379,10,1202,2018-05-31 00:00:00
1380,90,290,2018-10-28 00:00:00
1381,10,1203,2018-04-03 00:00:00
1382,10,1204,2018-05-02 00:00:00
1383,91,61,2018-04-29 00:00:00
1384,10,1205,2018-07-22 00:00:00
1385,91,996,2018-03-18 00:00:00
1386,10,1206,2018-07-16 00:00:00
1387,91,73,2018-09-18 00:00:00
1388,10,1207,2017-10-31 00:00:00
1389,91,300,2018-02-22 00:00:00
1390,10,1208,2018-05-01 00:00:00
1391,90,649,2018-08-25 00:00:00
1392,10,1209,2018-05-07 00:00:00
1393,90,1168,2018-11-16 00:00:00
1394,10,1210,2018-06-05 00:00:00
1395,90,348,2018-09-15 00:00:00
1396,10,1211,2018-05-25 00:00:00
1397,90,31,2018-07-28 00:00:00
1398,10,1212,2018-04-23 00:00:00
1399,90,749,2018-06-03 00:00:00
1400,10,1213,2018-05-25 00:00:00
1401,91,421,2018-08-26 00:00:00
1402,10,1214,2018-09-17 00:00:00
1403,90,103,2018-07-29 00:00:00
1404,10,1215,2018-09-07 00:00:00
1405,90,588,2018-09-15 00:00:00
1406,10,1216,2018-02-02 00:00:00
1407,91,345,2018-08-03 00:00:00
1408,10,1217,2018-09-21 00:00:00
1409,90,676,2018-11-26 00:00:00
1410,10,1218,2017-12-16 00:00:00
1411,91,628,2017-12-23 00:00:00
1412,10,1219,2018-09-27 00:00:00
1413,90,701,2018-06-17 00:00:00
1414,10,1220,2018-07-20 00:00:00
1415,90,513,2019-05-20 00:00:00
1416,10,1221,2019-08-03 00:00:00
1417,90,780,2019-07-27 00:00:00
1418,10,1222,2019-09-20 00:00:00
1419,91,1144,2019-09-30 00:00:00
1420,10,1223,2019-05-01 00:00:00
1421,90,858,2019-01-19 00:00:00
1422,10,1224,2019-07-11 00:00:00
1423,90,199,2019-06-15 00:00:00
1424,10,1225,2020-01-12 00:00:00
1425,90,1100,2019-01-14 00:00:00
1426,10,1226,2019-04-03 00:00:00
1427,90,1198,2019-04-04 00:00:00
1428,10,1227,2019-05-18 00:00:00
1429,90,782,2019-11-13 00:00:00
1430,10,1228,2019-07-21 00:00:00
1431,90,620,2019-06-16 00:00:00
1432,10,1229,2019-09-02 00:00:00
1433,91,1149,2019-07-15 00:00:00
1434,10,1230,2019-09-27 00:00:00
1435,91,954,2019-06-29 00:00:00
1436,10,1231,2019-07-25 00:00:00
1437,91,862,2019-10-12 00:00:00
1438,10,1232,2019-08-15 00:00:00
1439,91,202,2019-07-27 00:00:00
1440,10,1233,2019-06-26 00:00:00
1441,91,1173,2019-09-15 00:00:00
1442,10,1234,2019-06-22 00:00:00
1443,91,573,2019-06-02 00:00:00
1444,10,1235,2019-10-15 00:00:00
1445,90,215,2019-08-16 00:00:00
1446,10,1236,2019-08-31 00:00:00
1447,91,845,2019-09-08 00:00:00
1448,10,1237,2019-05-02 00:00:00
1449,91,364,2019-10-22 00:00:00
1450,10,1238,2019-08-27 00:00:00
1451,91,1118,2019-04-06 00:00:00
1452,10,1239,2019-04-29 00:00:00
1453,91,1215,2019-05-20 00:00:00
1454,10,1240,2019-06-19 00:00:00
1455,90,988,2019-04-06 00:00:00
1456,10,1241,2019-03-15 00:00:00
1457,90,314,2019-04-03 00:00:00
1458,10,1242,2019-11-06 00:00:00
1459,90,822,2019-03-09 00:00:00
1460,10,1243,2019-07-21 00:00:00
1461,90,748,2020-02-27 00:00:00
1462,10,1244,2019-05-28 00:00:00
1463,90,43,2019-07-30 00:00:00
1464,10,1245,2019-07-09 00:00:00
1465,91,132,2019-11-28 00:00:00
1466,10,1246,2019-07-12 00:00:00
1467,91,322,2019-07-12 00:00:00
1468,10,1247,2019-05-02 00:00:00
1469,90,311,2019-09-02 00:00:00
1470,10,1248,2019-05-12 00:00:00
1471,91,728,2019-01-14 00:00:00
1472,10,1249,2019-05-06 00:00:00
1473,91,521,2019-09-02 00:00:00
1474,10,1250,2019-06-17 00:00:00
1475,91,802,2019-07-27 00:00:00
1476,10,1251,2019-11-30 00:00:00
1477,90,361,2019-04-21 00:00:00
1478,10,1252,2019-11-19 00:00:00
1479,90,500,2019-11-24 00:00:00
1480,10,1253,2019-05-25 00:00:00
1481,90,734,2019-07-18 00:00:00
1482,10,1254,2019-11-09 00:00:00
1483,90,1159,2019-10-22 00:00:00
1484,10,1255,2019-11-17 00:00:00
1485,91,1144,2019-06-23 00:00:00
1486,10,1256,2019-08-18 00:00:00
1487,91,707,2019-07-17 00:00:00
1488,10,1257,2019-06-08 00:00:00
1489,91,802,2019-07-04 00:00:00
1490,10,1258,2019-05-19 00:00:00
1491,90,465,2019-07-08 00:00:00
1492,10,1259,2019-06-14 00:00:00
1493,91,71,2019-06-07 00:00:00
1494,10,1260,2019-09-22 00:00:00
1495,91,1120,2019-10-29 00:00:00
1496,10,1261,2019-04-24 00:00:00
1497,91,351,2019-08-03 00:00:00
1498,10,1262,2019-08-08 00:00:00
1499,91,786,2019-07-07 00:00:00
1500,10,1263,2019-05-12 00:00:00
1501,90,733,2019-03-15 00:00:00
1502,10,1264,2019-08-19 00:00:00
1503,90,996,2019-03-29 00:00:00
1504,10,1265,2019-07-11 00:00:00
1505,91,234,2019-03-19 00:00:00
1506,10,1266,2019-08-25 00:00:00
1507,91,253,2019-05-09 00:00:00
1508,10,1267,2019-11-19 00:00:00
1509,91,862,2019-08-20 00:00:00
1510,10,1268,2019-07-19 00:00:00
1511,90,477,2019-06-05 00:00:00
1512,10,1269,2019-02-22 00:00:00
1513,91,706,2019-07-09 00:00:00
1514,10,1270,2019-04-21 00:00:00
1515,91,275,2019-05-31 00:00:00
1516,10,1271,2019-07-06 00:00:00
1517,90,722,2019-05-02 00:00:00
1518,10,1272,2019-05-19 00:00:00
1519,91,1056,2019-07-09 00:00:00
1520,10,1273,2019-09-21 00:00:00
1521,90,1156,2019-07-07 00:00:00
1522,10,1274,2019-05-03 00:00:00
1523,91,481,2019-07-29 00:00:00
1524,10,1275,2019-05-26 00:00:00
1525,90,495,2020-01-15 00:00:00
1526,10,1276,2019-07-13 00:00:00
1527,90,3,2019-06-24 00:00:00
1528,10,1277,2019-07-25 00:00:00
1529,90,153,2019-08-04 00:00:00
1530,10,1278,2019-03-31 00:00:00
1531,90,266,2019-06-09 00:00:00
1532,10,1279,2019-07-10 00:00:00
1533,91,502,2019-09-27 00:00:00
1534,10,1280,2019-02-20 00:00:00
1535,91,351,2019-06-27 00:00:00
1536,10,1281,2019-11-01 00:00:00
1537,91,940,2019-06-20 00:00:00
1538,10,1282,2019-05-28 00:00:00
1539,91,692,2020-03-31 00:00:00
1540,10,1283,2021-01-05 00:00:00
1541,91,463,2020-04-01 00:00:00
1542,10,1284,2020-05-28 00:00:00
1543,90,863,2020-11-17 00:00:00
1544,10,1285,2020-10-11 00:00:00
1545,91,641,2020-10-20 00:00:00
1546,10,1286,2020-08-16 00:00:00
1547,91,313,2020-04-16 00:00:00
1548,10,1287,2020-06-20 00:00:00
1549,90,353,2020-08-16 00:00:00
1550,10,1288,2020-07-05 00:00:00
1551,90,285,2020-04-12 00:00:00
1552,10,1289,2020-07-23 00:00:00
1553,91,217,2020-10-16 00:00:00
1554,10,1290,2020-10-18 00:00:00
1555,90,275,2020-09-12 00:00:00
1556,10,1291,2020-03-10 00:00:00
1557,90,301,2020-09-28 00:00:00
1558,10,1292,2020-05-30 00:00:00
1559,91,721,2020-09-05 00:00:00
1560,10,1293,2020-08-25 00:00:00
1561,90,710,2020-04-15 00:00:00
1562,10,1294,2020-04-22 00:00:00
1563,91,783,2020-06-09 00:00:00
1564,10,1295,2020-02-25 00:00:00
1565,91,823,2020-02-25 00:00:00
1566,10,1296,2020-08-29 00:00:00
1567,90,1021,2020-09-15 00:00:00
1568,10,1297,2020-04-24 00:00:00
1569,91,1031,2020-07-14 00:00:00
1570,10,1298,2020-07-21 00:00:00
1571,91,409,2020-05-11 00:00:00
1572,10,1299,2020-06-20 00:00:00
1573,91,770,2020-09-03 00:00:00
1574,10,1300,2020-04-19 00:00:00
1575,90,775,2020-08-07 00:00:00
1576,10,1301,2020-06-07 00:00:00
1577,90,1244,2019-12-25 00:00:00
1578,10,1302,2020-08-21 00:00:00
1579,90,937,2020-04-30 00:00:00
1580,10,1303,2020-06-14 00:00:00
1581,91,787,2020-03-02 00:00:00
1582,10,1304,2020-09-22 00:00:00
1583,90,790,2020-11-09 00:00:00
1584,10,1305,2020-04-23 00:00:00
1585,90,1011,2020-07-02 00:00:00
1586,10,1306,2020-07-26 00:00:00
1587,91,854,2020-08-20 00:00:00
1588,10,1307,2020-08-20 00:00:00
1589,90,626,2020-05-16 00:00:00
1590,10,1308,2020-05-15 00:00:00
1591,90,1294,2020-07-01 00:00:00
1592,10,1309,2020-10-22 00:00:00
1593,91,960,2020-09-13 00:00:00
1594,10,1310,2020-05-23 00:00:00
1595,91,855,2020-01-07 00:00:00
1596,10,1311,2020-04-24 00:00:00
1597,90,666,2020-04-29 00:00:00
1598,10,1312,2020-05-28 00:00:00
1599,90,426,2020-03-14 00:00:00
1600,10,1313,2020-07-22 00:00:00
1601,91,457,2020-07-02 00:00:00
1602,10,1314,2020-12-24 00:00:00
1603,91,563,2020-12-24 00:00:00
1604,10,1315,2019-12-21 00:00:00
1605,91,1165,2019-09-17 00:00:00
1606,10,1316,2020-05-18 00:00:00
1607,90,930,2020-10-22 00:00:00
1608,10,1317,2020-07-17 00:00:00
1609,90,950,2020-07-06 00:00:00
1610,10,1318,2020-10-06 00:00:00
1611,91,805,2020-07-26 00:00:00
1612,10,1319,2020-06-07 00:00:00
1613,91,503,2020-11-24 00:00:00
1614,10,1320,2020-12-16 00:00:00
1615,90,140,2020-06-02 00:00:00
1616,10,1321,2020-06-13 00:00:00
1617,91,440,2020-07-22 00:00:00
1618,10,1322,2020-03-01 00:00:00
1619,91,962,2020-05-13 00:00:00
1620,10,1323,2020-06-16 00:00:00
1621,90,345,2021-01-14 00:00:00
1622,10,1324,2020-08-12 00:00:00
1623,91,1299,2020-07-29 00:00:00
1624,10,1325,2020-07-30 00:00:00
1625,90,120,2020-04-12 00:00:00
1626,10,1326,2020-04-20 00:00:00
1627,91,585,2021-01-02 00:00:00
1628,10,1327,2020-07-15 00:00:00
1629,90,610,2021-01-27 00:00:00
1630,10,1328,2020-09-07 00:00:00
1631,91,174,2020-08-10 00:00:00
1632,10,1329,2020-06-01 00:00:00
1633,91,830,2020-07-22 00:00:00
1634,10,1330,2020-05-05 00:00:00
1635,91,42,2020-08-29 00:00:00
1636,10,1331,2020-07-07 00:00:00
1637,90,5,2020-07-15 00:00:00
1638,10,1332,2020-03-12 00:00:00
1639,90,1082,2020-04-16 00:00:00
1640,10,1333,2020-07-16 00:00:00
1641,90,1116,2020-05-13 00:00:00
1642,10,1334,2020-12-15 00:00:00
1643,90,175,2020-08-04 00:00:00
1644,10,1335,2020-07-13 00:00:00
1645,90,910,2020-02-04 00:00:00
1646,10,1336,2020-11-22 00:00:00
1647,90,124,2020-06-14 00:00:00
1648,10,1337,2020-04-10 00:00:00
1649,91,933,2020-07-17 00:00:00
1650,10,1338,2020-04-19 00:00:00
1651,90,951,2020-08-20 00:00:00
1652,10,1339,2020-09-09 00:00:00
1653,91,1295,2020-08-15 00:00:00
1654,10,1340,2020-02-15 00:00:00
1655,90,624,2020-05-21 00:00:00
1656,10,1341,2020-08-27 00:00:00
1657,90,387,2020-05-31 00:00:00
1658,10,1342,2020-09-20 00:00:00
1659,90,416,2020-05-01 00:00:00
1660,10,1343,2020-11-01 00:00:00
1661,90,254,2020-04-18 00:00:00
1662,10,1344,2020-03-19 00:00:00
1663,91,945,2019-12-07 00:00:00
1664,10,1345,2020-04-04 00:00:00
1665,91,141,2020-06-04 00:00:00
1666,10,1346,2020-07-01 00:00:00
1667,90,708,2020-06-10 00:00:00
1668,10,1347,2020-03-28 00:00:00
1669,91,1289,2021-06-18 00:00:00
1670,10,1348,2021-05-08 00:00:00
1671,91,1310,2021-06-10 00:00:00
1672,10,1349,2021-09-16 00:00:00
1673,91,806,2021-06-19 00:00:00
1674,10,1350,2021-03-19 00:00:00
1675,91,1007,2021-12-22 00:00:00
1676,10,1351,2021-05-29 00:00:00
1677,91,1119,2021-06-13 00:00:00
1678,10,1352,2020-11-22 00:00:00
1679,90,253,2021-04-24 00:00:00
1680,10,1353,2021-08-23 00:00:00
1681,91,1319,2021-03-22 00:00:00
1682,10,1354,2021-03-24 00:00:00
1683,90,177,2021-06-03 00:00:00
1684,10,1355,2021-07-04 00:00:00
1685,90,316,2021-07-09 00:00:00
1686,10,1356,2021-04-30 00:00:00
1687,90,850,2021-02-13 00:00:00
1688,10,1357,2021-05-04 00:00:00
1689,91,334,2021-07-20 00:00:00
1690,10,1358,2021-05-30 00:00:00
1691,90,1153,2021-02-24 00:00:00
1692,10,1359,2021-05-25 00:00:00
1693,90,878,2021-02-10 00:00:00
1694,10,1360,2021-09-05 00:00:00
1695,91,1070,2021-10-08 00:00:00
1696,10,1361,2021-09-23 00:00:00
1697,90,705,2021-08-13 00:00:00
1698,10,1362,2021-12-21 00:00:00
1699,90,771,2020-11-20 00:00:00
1700,10,1363,2021-05-01 00:00:00
1701,91,11,2021-09-29 00:00:00
1702,10,1364,2021-08-29 00:00:00
1703,91,673,2021-07-21 00:00:00
1704,10,1365,2021-11-19 00:00:00
1705,91,743,2021-05-28 00:00:00
1706,10,1366,2021-08-10 00:00:00
1707,90,232,2021-06-13 00:00:00
1708,10,1367,2021-07-01 00:00:00
1709,90,541,2021-05-27 00:00:00
1710,10,1368,2021-08-01 00:00:00
1711,90,356,2021-03-29 00:00:00
1712,10,1369,2021-07-07 00:00:00
1713,91,712,2021-04-14 00:00:00
1714,10,1370,2021-05-05 00:00:00
1715,90,1048,2021-12-23 00:00:00
1716,10,1371,2021-08-04 00:00:00
1717,91,1298,2021-10-05 00:00:00
1718,10,1372,2021-05-15 00:00:00
1719,91,1233,2021-07-06 00:00:00
1720,10,1373,2021-06-28 00:00:00
1721,90,180,2021-05-23 00:00:00
1722,10,1374,2021-05-19 00:00:00
1723,91,1235,2021-11-16 00:00:00
1724,10,1375,2021-04-11 00:00:00
1725,90,41,2021-11-20 00:00:00
1726,10,1376,2021-05-23 00:00:00
1727,90,521,2021-05-03 00:00:00
1728,10,1377,2021-06-22 00:00:00
1729,90,1165,2021-07-13 00:00:00
1730,10,1378,2021-04-10 00:00:00
1731,91,72,2021-09-20 00:00:00
1732,10,1379,2021-06-25 00:00:00
1733,91,921,2021-04-23 00:00:00
1734,10,1380,2021-08-19 00:00:00
1735,91,1292,2021-02-24 00:00:00
1736,10,1381,2021-10-22 00:00:00
1737,91,651,2021-07-30 00:00:00
1738,10,1382,2021-04-19 00:00:00
1739,90,509,2021-03-16 00:00:00
1740,10,1383,2021-11-17 00:00:00
1741,91,287,2021-05-27 00:00:00
1742,10,1384,2021-07-23 00:00:00
1743,91,598,2021-09-25 00:00:00
1744,10,1385,2021-05-22 00:00:00
1745,90,1301,2021-11-26 00:00:00
1746,10,1386,2021-05-02 00:00:00
1747,91,889,2021-06-06 00:00:00
1748,10,1387,2021-06-17 00:00:00
1749,91,338,2021-04-26 00:00:00
1750,10,1388,2021-07-07 00:00:00
1751,91,1339,2021-08-09 00:00:00
1752,10,1389,2021-12-17 00:00:00
1753,91,501,2021-05-29 00:00:00
1754,10,1390,2021-06-06 00:00:00
1755,90,763,2021-07-12 00:00:00
1756,10,1391,2020-12-14 00:00:00
1757,90,1098,2021-07-02 00:00:00
1758,10,1392,2021-08-15 00:00:00
1759,91,1009,2021-06-20 00:00:00
1760,10,1393,2021-06-14 00:00:00
1761,90,445,2021-05-15 00:00:00
1762,10,1394,2021-11-06 00:00:00
1763,91,192,2021-06-06 00:00:00
1764,10,1395,2021-08-20 00:00:00
1765,91,975,2021-05-16 00:00:00
1766,10,1396,2021-07-21 00:00:00
1767,90,151,2021-06-15 00:00:00
1768,10,1397,2021-09-29 00:00:00
1769,90,588,2021-03-31 00:00:00
1770,10,1398,2021-07-15 00:00:00
1771,91,776,2021-06-09 00:00:00
1772,10,1399,2021-10-05 00:00:00
1773,90,474,2021-04-20 00:00:00
1774,10,1400,2021-10-17 00:00:00
1775,91,106,2021-04-05 00:00:00
1776,10,1401,2021-03-14 00:00:00
1777,91,121,2021-09-24 00:00:00
1778,10,1402,2020-11-18 00:00:00
1779,91,51,2021-09-23 00:00:00
1780,10,1403,2021-06-09 00:00:00
1781,91,717,2021-07-03 00:00:00
1782,10,1404,2021-06-28 00:00:00
1783,90,1064,2021-08-15 00:00:00
1784,10,1405,2021-06-27 00:00:00
1785,91,847,2021-08-06 00:00:00
1786,10,1406,2021-07-13 00:00:00
1787,91,195,2021-11-03 00:00:00
1788,10,1407,2021-08-02 00:00:00
1789,91,878,2021-08-07 00:00:00
1790,10,1408,2021-12-12 00:00:00
1791,90,451,2021-12-13 00:00:00
1792,10,1409,2021-05-22 00:00:00
1793,90,588,2021-06-28 00:00:00
1794,10,1410,2021-04-20 00:00:00
1795,90,317,2021-07-07 00:00:00
1796,10,1411,2021-03-05 00:00:00
1797,91,159,2021-02-07 00:00:00
1798,10,1412,2021-02-27 00:00:00
1799,90,97,2021-06-28 00:00:00
1800,10,1413,2021-04-14 00:00:00
1801,90,969,2021-01-28 00:00:00
1802,10,1414,2021-09-27 00:00:00
1803,91,276,2021-10-24 00:00:00
1804,10,1415,2021-08-21 00:00:00
1805,91,161,2022-12-03 00:00:00
1806,10,1416,2022-08-26 00:00:00
1807,90,1148,2022-05-12 00:00:00
1808,10,1417,2022-03-09 00:00:00
1809,91,97,2022-07-05 00:00:00
1810,10,1418,2022-08-07 00:00:00
1811,90,678,2022-08-11 00:00:00
1812,10,1419,2022-05-15 00:00:00
1813,90,548,2022-09-08 00:00:00
1814,10,1420,2023-04-14 00:00:00
1815,91,657,2022-02-05 00:00:00
1816,10,1421,2022-03-04 00:00:00
1817,90,1103,2022-06-25 00:00:00
1818,10,1422,2022-01-04 00:00:00
1819,91,368,2022-05-01 00:00:00
1820,10,1423,2022-03-31 00:00:00
1821,90,686,2022-07-14 00:00:00
1822,10,1424,2022-07-04 00:00:00
1823,90,1299,2022-07-11 00:00:00
1824,10,1425,2022-01-09 00:00:00
1825,91,1242,2022-11-05 00:00:00
1826,10,1426,2022-05-24 00:00:00
1827,90,1377,2022-05-06 00:00:00
1828,10,1427,2021-12-15 00:00:00
1829,90,243,2022-08-11 00:00:00
1830,10,1428,2022-03-15 00:00:00
1831,91,180,2022-05-19 00:00:00
1832,10,1429,2022-07-29 00:00:00
1833,91,1157,2022-08-08 00:00:00
1834,10,1430,2022-05-29 00:00:00
1835,90,6,2022-06-18 00:00:00
1836,10,1431,2022-04-21 00:00:00
1837,91,152,2022-10-04 00:00:00
1838,10,1432,2022-08-03 00:00:00
1839,90,728,2022-07-20 00:00:00
1840,10,1433,2022-09-07 00:00:00
1841,91,343,2022-12-02 00:00:00
1842,10,1434,2022-07-31 00:00:00
1843,90,1067,2022-07-29 00:00:00
1844,10,1435,2022-03-28 00:00:00
1845,90,1084,2022-06-03 00:00:00
1846,10,1436,2022-03-08 00:00:00
1847,90,735,2022-06-15 00:00:00
1848,10,1437,2022-02-22 00:00:00
1849,91,70,2022-05-17 00:00:00
1850,10,1438,2022-05-01 00:00:00
1851,91,1076,2022-01-27 00:00:00
1852,10,1439,2022-10-12 00:00:00
1853,90,812,2022-07-23 00:00:00
1854,10,1440,2022-12-25 00:00:00
1855,90,715,2022-04-20 00:00:00
1856,10,1441,2022-07-26 00:00:00
1857,90,954,2022-08-05 00:00:00
1858,10,1442,2022-09-22 00:00:00
1859,91,378,2022-10-25 00:00:00
1860,10,1443,2022-03-06 00:00:00
1861,91,555,2022-08-04 00:00:00
1862,10,1444,2022-10-10 00:00:00
1863,91,1211,2022-04-28 00:00:00
1864,10,1445,2022-02-03 00:00:00
1865,91,846,2022-08-03 00:00:00
1866,10,1446,2022-08-23 00:00:00
1867,91,1369,2022-04-02 00:00:00
1868,10,1447,2022-05-14 00:00:00
1869,91,203,2022-06-17 00:00:00
1870,10,1448,2022-05-30 00:00:00
1871,91,421,2022-08-14 00:00:00
1872,10,1449,2022-10-11 00:00:00
1873,91,299,2022-05-18 00:00:00
1874,10,1450,2022-07-17 00:00:00
1875,91,1248,2022-07-18 00:00:00
1876,10,1451,2022-04-14 00:00:00
1877,90,1095,2022-10-25 00:00:00
1878,10,1452,2022-03-14 00:00:00
1879,90,856,2022-09-12 00:00:00
1880,10,1453,2023-01-06 00:00:00
1881,90,1218,2022-10-29 00:00:00
1882,10,1454,2022-12-09 00:00:00
1883,90,1014,2021-12-20 00:00:00
1884,10,1455,2022-06-01 00:00:00
1885,91,464,2022-06-15 00:00:00
1886,10,1456,2022-04-17 00:00:00
1887,91,465,2022-04-25 00:00:00
1888,10,1457,2022-06-20 00:00:00
1889,91,28,2021-10-30 00:00:00
1890,10,1458,2022-06-17 00:00:00
1891,90,391,2022-12-18 00:00:00
1892,10,1459,2022-04-27 00:00:00
1893,90,753,2022-08-11 00:00:00
1894,10,1460,2022-09-08 00:00:00
1895,91,22,2022-09-27 00:00:00
1896,10,1461,2022-07-30 00:00:00
1897,90,81,2022-10-04 00:00:00
1898,10,1462,2022-09-06 00:00:00
1899,91,347,2022-06-05 00:00:00
1900,10,1463,2022-04-06 00:00:00
1901,90,425,2022-06-29 00:00:00
1902,10,1464,2022-10-19 00:00:00
1903,91,772,2022-06-29 00:00:00
1904,10,1465,2022-05-30 00:00:00
1905,91,1207,2022-01-22 00:00:00
1906,10,1466,2022-06-03 00:00:00
1907,91,155,2022-08-19 00:00:00
1908,10,1467,2022-12-12 00:00:00
1909,90,1132,2022-04-09 00:00:00
1910,10,1468,2022-07-22 00:00:00
1911,91,924,2022-05-21 00:00:00
1912,10,1469,2022-07-22 00:00:00
1913,90,1194,2022-05-04 00:00:00
1914,10,1470,2022-03-16 00:00:00
1915,91,655,2022-03-29 00:00:00
1916,10,1471,2022-06-25 00:00:00
1917,90,656,2022-12-09 00:00:00
1918,10,1472,2022-05-22 00:00:00
1919,90,1290,2022-03-11 00:00:00
1920,10,1473,2022-04-01 00:00:00
1921,90,623,2022-07-04 00:00:00
1922,10,1474,2022-04-24 00:00:00
1923,90,567,2022-05-05 00:00:00
1924,10,1475,2022-07-16 00:00:00
1925,90,852,2022-08-25 00:00:00
1926,10,1476,2022-07-08 00:00:00
1927,91,1054,2022-11-09 00:00:00
1928,10,1477,2022-09-13 00:00:00
1929,91,758,2022-06-11 00:00:00
1930,10,1478,2022-07-21 00:00:00
1931,91,504,2022-08-27 00:00:00
1932,10,1479,2022-05-08 00:00:00
1933,91,1303,2022-01-27 00:00:00
1934,10,1480,2022-06-22 00:00:00
1935,90,1245,2022-03-23 00:00:00
1936,10,1481,2022-06-27 00:00:00
1937,91,292,2022-09-15 00:00:00
1938,10,1482,2022-04-19 00:00:00
1939,90,10,2022-06-15 00:00:00
1940,10,1483,2022-04-19 00:00:00
1941,91,656,2022-05-17 00:00:00
1942,10,1484,2022-05-27 00:00:00
1943,91,1209,2022-06-28 00:00:00
1944,10,1485,2022-12-25 00:00:00
1945,91,1321,2022-07-27 00:00:00
1946,10,1486,2022-11-15 00:00:00
1947,90,867,2022-08-12 00:00:00
1948,10,1487,2022-05-03 00:00:00
1949,90,1329,2023-05-24 00:00:00
1950,10,1488,2023-08-25 00:00:00
1951,90,1360,2023-07-24 00:00:00
1952,10,1489,2023-07-16 00:00:00
1953,91,901,2022-12-21 00:00:00
1954,10,1490,2023-06-19 00:00:00
1955,91,394,2023-09-27 00:00:00
1956,10,1491,2023-06-27 00:00:00
1957,90,1237,2023-01-10 00:00:00
1958,10,1492,2023-02-13 00:00:00
1959,90,364,2023-07-20 00:00:00
1960,10,1493,2023-04-18 00:00:00
1961,90,749,2023-08-15 00:00:00
1962,10,1494,2023-07-05 00:00:00
1963,91,1453,2023-02-20 00:00:00
1964,10,1495,2023-05-18 00:00:00
1965,90,726,2023-05-28 00:00:00
1966,10,1496,2023-07-20 00:00:00
1967,91,152,2024-02-10 00:00:00
1968,10,1497,2023-08-21 00:00:00
1969,90,1022,2023-07-10 00:00:00
1970,10,1498,2023-06-22 00:00:00
1971,90,511,2023-06-13 00:00:00
1972,10,1499,2023-11-29 00:00:00
1973,91,981,2023-07-31 00:00:00
1974,10,1500,2023-06-18 00:00:00
1975,90,869,2024-01-01 00:00:00
1976,10,1501,2023-06-07 00:00:00
1977,90,357,2023-06-25 00:00:00
1978,10,1502,2023-10-13 00:00:00
1979,91,1427,2023-03-02 00:00:00
1980,10,1503,2023-01-30 00:00:00
1981,91,1295,2023-12-21 00:00:00
1982,10,1504,2022-12-24 00:00:00
1983,91,643,2023-08-25 00:00:00
1984,10,1505,2023-09-15 00:00:00
1985,91,820,2023-07-11 00:00:00
1986,10,1506,2023-08-03 00:00:00
1987,90,1220,2023-12-25 00:00:00
1988,10,1507,2023-07-27 00:00:00
1989,91,1183,2023-01-05 00:00:00
1990,10,1508,2023-07-11 00:00:00
1991,90,247,2023-03-24 00:00:00
1992,10,1509,2023-09-09 00:00:00
1993,91,1228,2023-05-18 00:00:00
1994,10,1510,2023-04-01 00:00:00
1995,90,146,2023-06-27 00:00:00
1996,10,1511,2023-04-28 00:00:00
1997,91,1404,2023-12-13 00:00:00
1998,10,1512,2022-11-20 00:00:00
1999,90,651,2023-08-18 00:00:00
2000,10,1513,2023-09-11 00:00:00
2001,91,1339,2023-06-18 00:00:00
2002,10,1514,2023-09-11 00:00:00
2003,90,205,2023-07-21 00:00:00
2004,10,1515,2023-06-18 00:00:00
2005,90,824,2023-08-25 00:00:00
2006,10,1516,2023-04-09 00:00:00
2007,90,920,2023-08-27 00:00:00
2008,10,1517,2023-06-12 00:00:00
2009,90,416,2023-07-19 00:00:00
2010,10,1518,2023-08-06 00:00:00
2011,90,965,2023-03-09 00:00:00
2012,10,1519,2023-06-09 00:00:00
2013,91,1214,2023-07-01 00:00:00
2014,10,1520,2023-02-12 00:00:00
2015,90,1010,2023-08-31 00:00:00
2016,10,1521,2023-04-19 00:00:00
2017,90,720,2023-06-14 00:00:00
2018,10,1522,2023-07-19 00:00:00
2019,90,264,2023-04-21 00:00:00
2020,10,1523,2023-10-03 00:00:00
2021,90,313,2023-06-16 00:00:00
2022,10,1524,2023-06-13 00:00:00
2023,90,430,2023-04-01 00:00:00
2024,10,1525,2023-08-15 00:00:00
2025,90,751,2023-03-30 00:00:00
2026,10,1526,2023-05-22 00:00:00
2027,91,1417,2023-05-25 00:00:00
2028,10,1527,2023-04-30 00:00:00
2029,90,436,2023-08-03 00:00:00
2030,10,1528,2023-08-19 00:00:00
2031,91,305,2023-04-04 00:00:00
2032,10,1529,2023-08-12 00:00:00
2033,91,1009,2023-11-24 00:00:00
2034,10,1530,2023-03-06 00:00:00
2035,90,1022,2023-03-14 00:00:00
2036,10,1531,2023-04-17 00:00:00
2037,90,762,2023-06-19 00:00:00
2038,10,1532,2023-03-17 00:00:00
2039,91,1272,2023-12-24 00:00:00
2040,10,1533,2023-09-22 00:00:00
2041,91,1024,2023-11-09 00:00:00
2042,10,1534,2023-04-30 00:00:00
2043,91,1503,2023-08-17 00:00:00
2044,10,1535,2023-04-05 00:00:00
2045,90,623,2023-09-30 00:00:00
2046,10,1536,2024-01-23 00:00:00
2047,91,185,2023-04-10 00:00:00
2048,10,1537,2023-06-06 00:00:00
2049,91,1339,2023-04-21 00:00:00
2050,10,1538,2023-05-13 00:00:00
2051,90,1164,2023-05-30 00:00:00
2052,10,1539,2023-05-21 00:00:00
2053,91,157,2023-04-26 00:00:00
2054,10,1540,2023-06-02 00:00:00
2055,90,1012,2023-06-23 00:00:00
2056,10,1541,2023-05-27 00:00:00
2057,90,1279,2023-05-19 00:00:00
2058,10,1542,2023-03-24 00:00:00
2059,90,1438,2023-04-29 00:00:00
2060,10,1543,2023-09-09 00:00:00
2061,90,1357,2023-06-15 00:00:00
2062,10,1544,2023-11-26 00:00:00
2063,90,44,2023-07-01 00:00:00
2064,10,1545,2023-07-29 00:00:00
2065,90,174,2023-08-23 00:00:00
2066,10,1546,2023-07-08 00:00:00
2067,90,720,2023-06-07 00:00:00
2068,10,1547,2024-02-12 00:00:00
2069,91,236,2023-10-15 00:00:00
2070,10,1548,2023-02-18 00:00:00
2071,91,672,2023-03-21 00:00:00
2072,10,1549,2023-08-05 00:00:00
2073,91,521,2023-09-02 00:00:00
2074,10,1550,2023-10-05 00:00:00
2075,91,888,2023-03-15 00:00:00
2076,10,1551,2023-06-09 00:00:00
2077,91,977,2023-03-27 00:00:00
2078,10,1552,2023-04-04 00:00:00
2079,90,840,2023-09-08 00:00:00
2080,10,1553,2023-04-21 00:00:00
2081,91,727,2023-08-21 00:00:00
2082,10,1554,2023-02-10 00:00:00
2083,91,331,2023-06-20 00:00:00
2084,10,1555,2023-06-14 00:00:00
2085,91,1145,2023-07-30 00:00:00
2086,10,1556,2023-05-23 00:00:00
2087,90,930,2023-03-28 00:00:00
2088,10,1557,2023-06-15 00:00:00
2089,90,577,2023-04-14 00:00:00
2090,10,1558,2023-11-01 00:00:00
2091,90,1284,2023-01-30 00:00:00
2092,10,1559,2023-07-12 00:00:00
2093,91,443,2023-07-22 00:00:00
2094,10,1560,2023-04-22 00:00:00
2095,91,1232,2023-03-13 00:00:00
2096,10,1561,2023-03-07 00:00:00
2097,91,935,2023-08-20 00:00:00
2098,10,1562,2023-07-01 00:00:00
2099,30,11,2017-04-23 00:00:00
2100,30,28,2016-11-14 00:00:00
2101,30,51,2017-06-24 00:00:00
2102,30,53,2017-05-28 00:00:00
2103,30,71,2017-06-25 00:00:00
2104,30,76,2017-11-19 00:00:00
2105,30,120,2017-03-23 00:00:00
2106,30,124,2017-04-20 00:00:00
2107,30,138,2017-05-14 00:00:00
2108,30,146,2017-10-09 00:00:00
2109,30,152,2017-06-19 00:00:00
2110,30,159,2017-10-06 00:00:00
2111,30,167,2017-12-25 00:00:00
2112,30,177,2017-06-10 00:00:00
2113,30,195,2017-09-14 00:00:00
2114,30,199,2017-06-01 00:00:00
2115,30,205,2017-04-24 00:00:00
2116,30,215,2017-05-20 00:00:00
2117,30,226,2017-04-27 00:00:00
2118,30,234,2017-07-30 00:00:00
2119,30,236,2017-01-25 00:00:00
2120,30,257,2017-03-28 00:00:00
2121,30,264,2017-09-02 00:00:00
2122,30,273,2017-05-01 00:00:00
2123,30,276,2017-03-22 00:00:00
2124,30,285,2017-06-14 00:00:00
2125,30,287,2017-08-21 00:00:00
2126,30,290,2017-06-25 00:00:00
2127,30,300,2017-07-05 00:00:00
2128,30,311,2017-10-24 00:00:00
2129,30,322,2017-06-02 00:00:00
2130,30,361,2017-06-01 00:00:00
2131,30,387,2017-10-13 00:00:00
2132,30,394,2017-08-13 00:00:00
2133,30,409,2017-06-18 00:00:00
2134,30,436,2017-05-27 00:00:00
2135,30,463,2017-07-11 00:00:00
2136,30,477,2017-06-17 00:00:00
2137,30,481,2017-06-14 00:00:00
2138,30,509,2017-07-24 00:00:00
2139,30,511,2017-07-13 00:00:00
2140,30,513,2017-02-25 00:00:00
2141,30,521,2017-06-08 00:00:00
2142,30,525,2017-09-05 00:00:00
2143,30,555,2017-07-10 00:00:00
2144,30,557,2017-08-23 00:00:00
2145,30,577,2017-04-02 00:00:00
2146,30,598,2017-07-18 00:00:00
2147,30,603,2017-04-29 00:00:00
2148,30,623,2017-07-21 00:00:00
2149,30,628,2017-04-15 00:00:00
2150,30,663,2017-06-07 00:00:00
2151,30,701,2017-07-05 00:00:00
2152,30,705,2017-09-27 00:00:00
2153,30,708,2017-03-30 00:00:00
2154,30,710,2017-04-03 00:00:00
2155,30,727,2017-05-15 00:00:00
2156,30,734,2017-08-28 00:00:00
2157,30,749,2017-10-24 00:00:00
2158,30,790,2017-08-15 00:00:00
2159,30,812,2017-08-04 00:00:00
2160,30,823,2017-01-25 00:00:00
2161,30,837,2017-01-04 00:00:00
2162,30,839,2017-07-09 00:00:00
2163,30,840,2017-02-17 00:00:00
2164,30,846,2017-04-27 00:00:00
2165,30,847,2017-05-02 00:00:00
2166,30,856,2017-04-08 00:00:00
2167,30,858,2017-08-28 00:00:00
2168,30,862,2017-10-16 00:00:00
2169,30,867,2017-06-17 00:00:00
2170,30,910,2017-08-05 00:00:00
2171,30,924,2016-10-08 00:00:00
2172,30,935,2017-08-30 00:00:00
2173,30,937,2017-09-16 00:00:00
2174,30,950,2017-07-15 00:00:00
2175,30,955,2017-05-04 00:00:00
2176,30,960,2017-11-05 00:00:00
2177,30,965,2017-05-27 00:00:00
2178,30,969,2017-11-23 00:00:00
2179,30,977,2017-10-09 00:00:00
2180,30,985,2017-06-23 00:00:00
2181,30,988,2017-09-09 00:00:00
2182,30,996,2017-02-01 00:00:00
2183,30,1021,2017-05-06 00:00:00
2184,30,1052,2017-02-17 00:00:00
2185,30,1054,2017-07-16 00:00:00
2186,30,1056,2017-07-06 00:00:00
2187,30,1067,2017-11-15 00:00:00
2188,30,1076,2017-10-02 00:00:00
2189,30,1082,2017-10-22 00:00:00
2190,30,1098,2017-07-19 00:00:00
2191,30,1118,2017-08-21 00:00:00
2192,30,1119,2017-04-23 00:00:00
2193,30,1132,2017-06-10 00:00:00
2194,30,1139,2017-03-07 00:00:00
2195,30,1144,2017-07-14 00:00:00
2196,30,1145,2017-07-24 00:00:00
2197,30,1148,2017-06-13 00:00:00
2198,30,1149,2017-07-03 00:00:00
2199,30,1153,2017-07-13 00:00:00
2200,30,1157,2017-08-04 00:00:00
2201,30,1159,2017-08-05 00:00:00
2202,30,1164,2017-08-29 00:00:00
2203,30,1165,2017-11-13 00:00:00
2204,30,1168,2017-06-01 00:00:00
2205,30,1173,2017-03-14 00:00:00
2206,30,1176,2017-04-27 00:00:00
2207,30,1194,2017-08-11 00:00:00
2208,30,1198,2017-06-18 00:00:00
2209,30,1207,2017-06-16 00:00:00
2210,30,1209,2017-04-19 00:00:00
2211,30,1211,2017-08-21 00:00:00
2212,30,1214,2017-11-09 00:00:00
2213,30,1218,2017-04-09 00:00:00
2214,30,1220,2017-06-09 00:00:00
2215,30,1235,2017-07-14 00:00:00
2216,30,1237,2017-01-17 00:00:00
2217,30,1242,2017-07-29 00:00:00
2218,30,1245,2017-06-20 00:00:00
2219,30,1248,2017-05-09 00:00:00
2220,30,1272,2017-08-07 00:00:00
2221,30,1279,2017-10-03 00:00:00
2222,30,1284,2017-09-16 00:00:00
2223,30,1290,2017-07-15 00:00:00
2224,30,1292,2017-02-10 00:00:00
2225,30,1294,2017-02-20 00:00:00
2226,30,1295,2017-05-01 00:00:00
2227,30,1299,2017-08-10 00:00:00
2228,30,1301,2017-06-14 00:00:00
2229,30,1303,2017-07-31 00:00:00
2230,30,1310,2017-10-06 00:00:00
2231,30,1329,2017-11-07 00:00:00
2232,30,1339,2017-05-22 00:00:00
2233,30,1357,2017-06-25 00:00:00
2234,30,1360,2017-06-29 00:00:00
2235,30,1369,2017-05-07 00:00:00
2236,30,1427,2017-09-22 00:00:00
2237,30,1438,2017-07-10 00:00:00
2238,30,1453,2017-12-18 00:00:00
2239,30,1503,2017-07-28 00:00:00
2240,30,3,2018-08-20 00:00:00
2241,30,11,2018-02-28 00:00:00
2242,30,22,2018-08-28 00:00:00
2243,30,41,2018-06-12 00:00:00
2244,30,43,2018-09-06 00:00:00
2245,30,51,2018-07-29 00:00:00
2246,30,106,2018-04-27 00:00:00
2247,30,124,2018-11-04 00:00:00
2248,30,151,2018-12-17 00:00:00
2249,30,177,2019-01-13 00:00:00
2250,30,195,2017-09-14 00:00:00
2251,30,199,2019-01-09 00:00:00
2252,30,203,2018-06-12 00:00:00
2253,30,232,2019-01-26 00:00:00
2254,30,234,2018-03-05 00:00:00
2255,30,236,2018-04-11 00:00:00
2256,30,243,2018-11-28 00:00:00
2257,30,247,2018-07-07 00:00:00
2258,30,257,2018-08-03 00:00:00
2259,30,264,2018-10-24 00:00:00
2260,30,266,2018-10-03 00:00:00
2261,30,276,2018-09-25 00:00:00
2262,30,285,2018-07-26 00:00:00
2263,30,292,2018-01-29 00:00:00
2264,30,314,2018-09-04 00:00:00
2265,30,317,2018-08-06 00:00:00
2266,30,331,2018-09-09 00:00:00
2267,30,338,2018-08-27 00:00:00
2268,30,348,2018-08-29 00:00:00
2269,30,356,2018-04-25 00:00:00
2270,30,361,2018-08-05 00:00:00
2271,30,394,2018-05-18 00:00:00
2272,30,425,2018-06-11 00:00:00
2273,30,436,2018-08-03 00:00:00
2274,30,464,2019-03-18 00:00:00
2275,30,474,2018-01-17 00:00:00
2276,30,481,2018-03-12 00:00:00
2277,30,511,2018-12-25 00:00:00
2278,30,525,2018-05-10 00:00:00
2279,30,548,2018-04-27 00:00:00
2280,30,563,2018-10-06 00:00:00
2281,30,567,2018-11-20 00:00:00
2282,30,577,2018-05-20 00:00:00
2283,30,588,2018-06-06 00:00:00
2284,30,609,2018-05-04 00:00:00
2285,30,623,2018-09-14 00:00:00
2286,30,643,2018-06-12 00:00:00
2287,30,672,2018-06-17 00:00:00
2288,30,687,2018-06-26 00:00:00
2289,30,707,2018-05-26 00:00:00
2290,30,710,2019-02-17 00:00:00
2291,30,721,2018-03-25 00:00:00
2292,30,734,2018-02-18 00:00:00
2293,30,749,2018-06-04 00:00:00
2294,30,753,2018-06-10 00:00:00
2295,30,758,2018-04-12 00:00:00
2296,30,782,2018-03-10 00:00:00
2297,30,812,2018-08-14 00:00:00
2298,30,823,2018-07-25 00:00:00
2299,30,840,2018-04-30 00:00:00
2300,30,854,2017-12-06 00:00:00
2301,30,855,2018-10-20 00:00:00
2302,30,869,2018-08-11 00:00:00
2303,30,910,2018-10-19 00:00:00
2304,30,933,2018-07-01 00:00:00
2305,30,937,2018-06-25 00:00:00
2306,30,945,2018-05-13 00:00:00
2307,30,960,2018-10-26 00:00:00
2308,30,962,2018-05-28 00:00:00
2309,30,969,2018-10-02 00:00:00
2310,30,981,2018-09-02 00:00:00
2311,30,988,2018-07-23 00:00:00
2312,30,1009,2018-05-01 00:00:00
2313,30,1010,2018-12-13 00:00:00
2314,30,1012,2018-07-09 00:00:00
2315,30,1014,2018-08-09 00:00:00
2316,30,1021,2018-07-31 00:00:00
2317,30,1070,2018-06-26 00:00:00
2318,30,1139,2018-09-24 00:00:00
2319,30,1144,2018-07-15 00:00:00
2320,30,1145,2018-04-26 00:00:00
2321,30,1153,2018-11-18 00:00:00
2322,30,1164,2018-01-21 00:00:00
2323,30,1165,2018-07-31 00:00:00
2324,30,1168,2018-01-26 00:00:00
2325,30,1173,2018-06-10 00:00:00
2326,30,1183,2018-04-05 00:00:00
2327,30,1218,2018-05-07 00:00:00
2328,30,1232,2018-06-13 00:00:00
2329,30,1233,2018-09-13 00:00:00
2330,30,1235,2018-07-03 00:00:00
2331,30,1237,2018-07-22 00:00:00
2332,30,1244,2018-09-01 00:00:00
2333,30,1245,2018-08-05 00:00:00
2334,30,1248,2018-06-25 00:00:00
2335,30,1272,2018-06-20 00:00:00
2336,30,1279,2018-07-20 00:00:00
2337,30,1284,2017-12-30 00:00:00
2338,30,1289,2018-09-18 00:00:00
2339,30,1290,2018-05-07 00:00:00
2340,30,1292,2018-06-16 00:00:00
2341,30,1294,2018-09-15 00:00:00
2342,30,1295,2018-07-06 00:00:00
2343,30,1298,2018-05-30 00:00:00
2344,30,1299,2018-05-10 00:00:00
2345,30,1303,2018-06-14 00:00:00
2346,30,1310,2018-07-12 00:00:00
2347,30,1319,2018-11-04 00:00:00
2348,30,1321,2018-06-30 00:00:00
2349,30,1339,2018-03-04 00:00:00
2350,30,1357,2018-09-17 00:00:00
2351,30,1360,2018-08-10 00:00:00
2352,30,1377,2018-06-03 00:00:00
2353,30,1404,2018-06-11 00:00:00
2354,30,1417,2018-05-24 00:00:00
2355,30,1427,2018-10-12 00:00:00
2356,30,1438,2018-04-28 00:00:00
2357,30,1453,2018-05-12 00:00:00
2358,30,6,2019-05-23 00:00:00
2359,30,71,2018-10-20 00:00:00
2360,30,106,2019-11-20 00:00:00
2361,30,124,2019-10-05 00:00:00
2362,30,140,2019-01-04 00:00:00
2363,30,141,2019-09-16 00:00:00
2364,30,151,2019-04-15 00:00:00
2365,30,175,2019-07-21 00:00:00
2366,30,177,2019-06-24 00:00:00
2367,30,180,2019-06-04 00:00:00
2368,30,203,2019-02-20 00:00:00
2369,30,205,2019-06-27 00:00:00
2370,30,232,2019-01-31 00:00:00
2371,30,236,2019-05-24 00:00:00
2372,30,243,2019-07-13 00:00:00
2373,30,247,2019-02-15 00:00:00
2374,30,266,2019-05-06 00:00:00
2375,30,276,2019-07-18 00:00:00
2376,30,285,2019-06-10 00:00:00
2377,30,292,2019-09-25 00:00:00
2378,30,305,2019-08-20 00:00:00
2379,30,311,2019-05-28 00:00:00
2380,30,317,2019-05-06 00:00:00
2381,30,356,2019-06-14 00:00:00
2382,30,364,2019-06-24 00:00:00
2383,30,368,2019-09-17 00:00:00
2384,30,425,2019-02-13 00:00:00
2385,30,463,2019-03-19 00:00:00
2386,30,509,2019-07-08 00:00:00
2387,30,548,2019-07-15 00:00:00
2388,30,563,2019-07-22 00:00:00
2389,30,585,2018-11-09 00:00:00
2390,30,655,2019-07-20 00:00:00
2391,30,666,2019-03-02 00:00:00
2392,30,686,2019-10-08 00:00:00
2393,30,692,2019-02-23 00:00:00
2394,30,707,2019-05-06 00:00:00
2395,30,717,2019-05-19 00:00:00
2396,30,721,2019-07-22 00:00:00
2397,30,722,2019-03-24 00:00:00
2398,30,753,2019-07-03 00:00:00
2399,30,758,2019-07-01 00:00:00
2400,30,762,2019-07-10 00:00:00
2401,30,771,2019-09-21 00:00:00
2402,30,783,2019-03-22 00:00:00
2403,30,823,2020-01-12 00:00:00
2404,30,847,2019-08-13 00:00:00
2405,30,850,2019-04-01 00:00:00
2406,30,852,2019-02-26 00:00:00
2407,30,856,2019-03-07 00:00:00
2408,30,867,2019-07-15 00:00:00
2409,30,888,2019-05-12 00:00:00
2410,30,901,2019-04-05 00:00:00
2411,30,920,2019-06-04 00:00:00
2412,30,921,2019-06-24 00:00:00
2413,30,930,2019-07-16 00:00:00
2414,30,954,2019-08-10 00:00:00
2415,30,981,2019-02-28 00:00:00
2416,30,1010,2019-05-14 00:00:00
2417,30,1064,2019-08-24 00:00:00
2418,30,1067,2019-05-24 00:00:00
2419,30,1120,2019-10-13 00:00:00
2420,30,1145,2019-12-22 00:00:00
2421,30,1153,2019-07-13 00:00:00
2422,30,1159,2019-08-27 00:00:00
2423,30,1164,2019-03-30 00:00:00
2424,30,1165,2019-07-27 00:00:00
2425,30,1173,2019-03-31 00:00:00
2426,30,1218,2019-07-14 00:00:00
2427,30,1220,2019-05-06 00:00:00
2428,30,1232,2019-08-26 00:00:00
2429,30,1235,2019-08-25 00:00:00
2430,30,1237,2019-01-16 00:00:00
2431,30,1242,2018-11-05 00:00:00
2432,30,1244,2019-05-20 00:00:00
2433,30,1245,2019-07-17 00:00:00
2434,30,1248,2019-09-21 00:00:00
2435,30,1272,2019-05-08 00:00:00
2436,30,1279,2019-12-31 00:00:00
2437,30,1284,2019-04-16 00:00:00
2438,30,1289,2019-08-20 00:00:00
2439,30,1290,2019-01-04 00:00:00
2440,30,1292,2019-11-25 00:00:00
2441,30,1294,2019-10-01 00:00:00
2442,30,1295,2019-04-01 00:00:00
2443,30,1298,2019-07-05 00:00:00
2444,30,1299,2019-10-08 00:00:00
2445,30,1301,2019-06-27 00:00:00
2446,30,1303,2019-04-26 00:00:00
2447,30,1310,2019-01-08 00:00:00
2448,30,1319,2019-08-16 00:00:00
2449,30,1321,2019-03-26 00:00:00
2450,30,1329,2019-03-23 00:00:00
2451,30,1357,2019-05-30 00:00:00
2452,30,1360,2019-09-15 00:00:00
2453,30,1369,2019-08-19 00:00:00
2454,30,1377,2019-04-16 00:00:00
2455,30,1417,2019-11-26 00:00:00
2456,30,1427,2019-06-15 00:00:00
2457,30,1453,2019-09-09 00:00:00
2458,30,1503,2019-10-01 00:00:00
2459,30,6,2020-11-21 00:00:00
2460,30,28,2020-07-04 00:00:00
2461,30,41,2020-04-13 00:00:00
2462,30,44,2020-08-19 00:00:00
2463,30,70,2020-08-25 00:00:00
2464,30,81,2020-07-20 00:00:00
2465,30,106,2020-03-31 00:00:00
2466,30,140,2020-01-08 00:00:00
2467,30,152,2020-06-25 00:00:00
2468,30,157,2020-08-15 00:00:00
2469,30,180,2020-06-21 00:00:00
2470,30,203,2020-05-20 00:00:00
2471,30,217,2020-05-30 00:00:00
2472,30,247,2019-11-17 00:00:00
2473,30,276,2020-09-02 00:00:00
2474,30,285,2020-04-06 00:00:00
2475,30,292,2020-05-16 00:00:00
2476,30,299,2020-07-13 00:00:00
2477,30,305,2020-08-25 00:00:00
2478,30,313,2020-09-28 00:00:00
2479,30,343,2020-04-20 00:00:00
2480,30,356,2020-06-13 00:00:00
2481,30,416,2020-12-12 00:00:00
2482,30,443,2020-09-16 00:00:00
2483,30,451,2020-04-18 00:00:00
2484,30,464,2020-06-21 00:00:00
2485,30,548,2020-02-18 00:00:00
2486,30,585,2020-08-16 00:00:00
2487,30,641,2020-05-01 00:00:00
2488,30,655,2020-02-10 00:00:00
2489,30,656,2020-08-11 00:00:00
2490,30,657,2020-06-13 00:00:00
2491,30,672,2020-06-30 00:00:00
2492,30,686,2020-06-15 00:00:00
2493,30,705,2019-12-20 00:00:00
2494,30,712,2020-05-24 00:00:00
2495,30,715,2020-07-15 00:00:00
2496,30,751,2020-10-26 00:00:00
2497,30,790,2020-09-24 00:00:00
2498,30,850,2020-04-17 00:00:00
2499,30,852,2020-07-26 00:00:00
2500,30,854,2020-01-14 00:00:00
2501,30,867,2020-09-09 00:00:00
2502,30,921,2020-09-12 00:00:00
2503,30,933,2020-05-15 00:00:00
2504,30,950,2020-06-22 00:00:00
2505,30,954,2020-08-20 00:00:00
2506,30,960,2020-04-29 00:00:00
2507,30,1010,2020-04-13 00:00:00
2508,30,1014,2020-04-27 00:00:00
2509,30,1022,2020-11-12 00:00:00
2510,30,1031,2020-01-24 00:00:00
2511,30,1054,2020-09-03 00:00:00
2512,30,1070,2020-08-20 00:00:00
2513,30,1218,2020-05-04 00:00:00
2514,30,1228,2020-07-31 00:00:00
2515,30,1235,2020-06-25 00:00:00
2516,30,1237,2020-09-11 00:00:00
2517,30,1242,2020-06-24 00:00:00
2518,30,1245,2020-04-24 00:00:00
2519,30,6,2021-04-18 00:00:00
2520,30,10,2021-10-10 00:00:00
2521,30,22,2021-05-23 00:00:00
2522,30,28,2021-03-29 00:00:00
2523,30,41,2021-05-16 00:00:00
2524,30,72,2021-04-19 00:00:00
2525,30,81,2021-06-11 00:00:00
2526,30,121,2021-06-21 00:00:00
2527,30,152,2021-03-05 00:00:00
2528,30,157,2021-09-28 00:00:00
2529,30,195,2021-07-03 00:00:00
2530,30,243,2021-04-28 00:00:00
2531,30,247,2021-10-13 00:00:00
2532,30,264,2021-06-19 00:00:00
2533,30,292,2021-08-08 00:00:00
2534,30,299,2021-08-12 00:00:00
2535,30,305,2021-09-16 00:00:00
2536,30,313,2021-06-16 00:00:00
2537,30,425,2021-02-27 00:00:00
2538,30,436,2021-02-23 00:00:00
2539,30,451,2021-03-15 00:00:00
2540,30,504,2021-02-16 00:00:00
2541,30,548,2021-06-28 00:00:00
2542,30,656,2021-06-08 00:00:00
2543,30,657,2020-12-05 00:00:00
2544,30,672,2021-06-19 00:00:00
2545,30,715,2021-11-25 00:00:00
2546,30,772,2021-04-21 00:00:00
2547,30,856,2021-06-02 00:00:00
2548,30,878,2021-04-20 00:00:00
2549,30,924,2021-10-23 00:00:00
2550,30,981,2021-05-17 00:00:00
2551,30,1007,2021-09-07 00:00:00
2552,30,1010,2021-03-30 00:00:00
2553,30,1067,2021-06-17 00:00:00
2554,30,1098,2020-11-22 00:00:00
2555,30,1145,2021-03-08 00:00:00
2556,30,1157,2021-07-30 00:00:00
2557,30,1233,2021-03-22 00:00:00
2558,30,1235,2021-06-18 00:00:00
2559,30,1237,2021-08-04 00:00:00
2560,30,1245,2021-10-11 00:00:00
2561,30,22,2022-06-26 00:00:00
2562,30,81,2022-07-13 00:00:00
2563,30,97,2022-05-05 00:00:00
2564,30,152,2022-10-20 00:00:00
2565,30,157,2022-09-19 00:00:00
2566,30,185,2022-04-13 00:00:00
2567,30,292,2022-04-04 00:00:00
2568,30,305,2022-07-29 00:00:00
2569,30,347,2022-05-08 00:00:00
2570,30,511,2022-05-05 00:00:00
2571,30,555,2022-06-26 00:00:00
2572,30,751,2022-02-24 00:00:00
2573,30,758,2022-05-06 00:00:00
2574,30,762,2022-05-16 00:00:00
2575,30,772,2022-04-30 00:00:00
2576,30,1054,2022-01-27 00:00:00
2577,30,1157,2022-03-27 00:00:00
2578,30,1295,2022-06-06 00:00:00
2579,30,1321,2022-04-09 00:00:00
2580,30,1329,2022-09-05 00:00:00
2581,30,1339,2022-05-06 00:00:00
2582,30,869,2023-05-16 00:00:00
2583,30,1024,2023-08-17 00:00:00
2584,30,1220,2023-08-10 00:00:00
2585,30,1279,2023-03-24 00:00:00
2586,30,1329,2023-05-23 00:00:00
